Symbol,Company,Sector,Sub Sector
20MICRONS,20 Microns Limited,Mining,Mining/Minerals
3IINFOTECH,3i Infotech Limited,Computers,Computers - Software
3MINDIA,3M India Limited,Diversified,Diversified
63MOONS,63 moons technologies limited,,
8KMILES,8K Miles Software Services Limited,Computers,Computers - Software
A2ZINFRA,A2Z Infra Engineering Limited,Engineering,Engineering - General
AARTIDRUGS,Aarti Drugs Limited,Pharmaceuticals,Pharmaceuticals
AARTIIND,Aarti Industries Limited,Chemicals,Chemicals - Organic - Others
AARVEEDEN,Aarvee Denims & Exports Limited,Textiles,Textiles - Denim
ABAN,Aban Offshore Limited,Oil Drilling,Oil Drilling And Exploration
ABB,ABB India Limited,Electric,Electric Equipment - Switchgear/Circuit Breaker
ABBOTINDIA,Abbott India Limited,Pharmaceuticals,Pharmaceuticals
ABFRL,Aditya Birla Fashion and Retail Limited,Textiles,Products
ABIRLANUVO,,Textiles,Textiles - Manmade Fibre - Rayon
ACC,ACC Limited,Cement,Cement - Major
ACCELYA,Accelya Solutions India Limited,Computers,Software - Medium / Small
ACE,Action Construction Equipment Limited,Engineering,Engineering - Heavy
ADANIENT,Adani Enterprises Limited,Trading,Trading
ADANIPORTS,Adani Ports and Special Economic Zone Limited,Misc,Miscellaneous
ADANIPOWER,Adani Power Limited,Power,Power - Generation/Distribution
ADANITRANS,Adani Transmission Limited,Power,Power - Generation/Distribution
ADFFOODS,ADF Foods Limited,Food Processing,Food Processing - Dairy
ADHUNIK,,Steel,Steel - Sponge Iron
ADHUNIKIND,Adhunik Industries Limited,,
ADLABS,,Recreation / Amusement Parks,Recreation / Amusement Parks
ADORWELD,Ador Welding Limited,Misc,Welding Equipment - Electrodes
ADVANIHOTR,Advani Hotels & Resorts (India) Limited,Hotels,Hotels
ADVENZYMES,Advanced Enzyme Technologies Limited,,
AEGISCHEM,Aegis Logistics Limited,Misc,Miscellaneous
AGCNET,AGC Networks Limited,Telecom,Telecommunications - Equipment
AGRITECH,Agri-Tech (India) Limited,Misc,Miscellaneous
AHLEAST,Asian Hotels (East) Limited,Hotels,Hotels
AHLUCONT,Ahluwalia Contracts (India) Limited,Construction,Construction & Contracting - Civil
AHLWEST,Asian Hotels (West) Limited,Hotels,Hotels
AIAENG,AIA Engineering Limited,Engineering,Engineering - Heavy
AIFL,,Textiles,Products
AJANTPHARM,Ajanta Pharma Limited,Pharmaceuticals,Pharmaceuticals
AJMERA,Ajmera Realty & Infra India Limited,Construction,Construction and Contracting - Real Estate
AKSHARCHEM,AksharChem India Limited,,
AKSHOPTFBR,Aksh Optifibre Limited,Cables,Cables - Telephone
AKZOINDIA,Akzo Nobel India Limited,Paints,Paints/Varnishes
ALANKIT,Alankit Limited,Finance,Finance - Investments
ALBERTDAVD,Albert David Limited,,
ALBK,,Banks - PSU,Finance - Banks - Public Sector
ALCHEM,Alchemist Limited,Diversified,Diversified
ALEMBICLTD,Alembic Limited,Pharmaceuticals,Pharmaceuticals
ALICON,Alicon Castalloy Limited,Auto Ancl,Auto Ancl - Others
ALKALI,Alkali Metals Limited,Metals,Metals - Non Ferrous - Others
ALKEM,Alkem Laboratories Limited,Pharmaceuticals,Bulk Drugs & Formln
ALKYLAMINE,Alkyl Amines Chemicals Limited,Chemicals,Chemicals - Organic - Others
ALLCARGO,Allcargo Logistics Limited,Transport,Transport - Road
ALLSEC,Allsec Technologies Limited,Computers,IT Enabled Services
ALMONDZ,Almondz Global Securities Limited,Finance,Finance - Investments
ALOKTEXT,,Textiles,Textiles - Weaving
ALPHAGEO,Alphageo (India) Limited,Oil Drilling,Oil Drilling And Exploration
ALPSINDUS,Alps Industries Limited,Textiles,Textiles - General
AMARAJABAT,Amara Raja Batteries Limited,Auto Ancl,Auto Ancl - Batteries
AMBIKCO,Ambika Cotton Mills Limited,Textiles,Textiles - Spinning - Cotton Blended
AMBUJACEM,Ambuja Cements Limited,Cement,Cement - Major
AMDIND,AMD Industries Limited,Packaging,Packaging - Others
AMRUTANJAN,Amrutanjan Health Care Limited,Pharmaceuticals,Pharmaceuticals
AMTEKAUTO,,Auto Ancl,Auto Ancl - Susp. & Braking - Others
ANANTRAJ,Anant Raj Limited,Construction,Construction and Contracting - Real Estate
ANDHRABANK,,Banks - PSU,Finance - Banks - Public Sector
ANDHRSUGAR,The Andhra Sugars Limited,Sugar,Sugar - Others
ANGIND,,Diversified,Diversified
ANKITMETAL,Ankit Metal & Power Limited,Steel,Steel - Sponge Iron
ANSALAPI,Ansal Properties & Infrastructure Limited,Construction,Construction & Contracting - Housing
ANSALHSG,Ansal Housing Limited,Construction,Construction & Contracting - Housing
APARINDS,Apar Industries Limited,Electric,Electric Equipment - Transformers
APCL,Anjani Portland Cement Limited,,
APCOTEXIND,Apcotex Industries Limited,Misc,Rubber Processing/Rubber Products
APLAPOLLO,APL Apollo Tubes Limited,Steel,Medium / Small
APLLTD,Alembic Pharmaceuticals Limited,Pharmaceuticals,Bulk Drugs & Formln
APOLLOHOSP,Apollo Hospitals Enterprise Limited,Medical,Hospitals & Medical Services
APOLLOTYRE,Apollo Tyres Limited,Auto Ancl,Tyres & Tubes
APTECHT,Aptech Limited,Computers,Computers - Software
ARCHIDPLY,Archidply Industries Limited,Consumer Goods,Decoratives - Wood Based
ARCHIES,Archies Limited,Printing,Printing/Publishing/Stationery
ARCOTECH,Arcotech Limited,Mining,Mining/Minerals
ARIES,Aries Agro Limited,Fertilisers,Fertilisers - Nitrogenous/Phosphate
ARIHANTSUP,Arihant Superstructures Limited,,
ARMANFIN,Arman Financial Services Limited,,
AROGRANITE,Aro Granite Industries Limited,Misc,Granites/Marbles
ARROWGREEN,Arrow Greentech Limited,,
ARROWTEX,,Textiles,Textiles - General
ARSSINFRA,ARSS Infrastructure Projects Limited,Construction,Construction & Contracting - Civil
ARVIND,Arvind Limited,Textiles,Textiles - Denim
ARVSMART,Arvind SmartSpaces Limited,,
ASAHIINDIA,Asahi India Glass Limited,Glass,Glass - Others
ASAHISONG,Asahi Songwon Colors Limited,Dyes,Dyes & Pigments
ASAL,Automotive Stampings and Assemblies Limited,Auto Ancl,Auto Ancl - Others
ASHAPURMIN,Ashapura Minechem Limited,Mining,Mining/Minerals
ASHIANA,Ashiana Housing Limited,Construction,Construction and Contracting - Real Estate
ASHIMASYN,Ashima Limited,Textiles,Textiles - Spinning - Cotton Blended
ASHOKA,Ashoka Buildcon Limited,Construction,Construction & Contracting - Civil
ASHOKLEY,Ashok Leyland Limited,Auto,Auto - LCVs/HCVs
ASIANHOTNR,Asian Hotels (North) Limited,Hotels,Hotels
ASIANPAINT,Asian Paints Limited,Paints,Paints/Varnishes
ASIANTILES,Asian Granito India Limited,Ceramics,Ceramics/Tiles/Sanitaryware
ASSAMCO,,Tea-Coffee,Plantations - Tea & Coffee
ASTEC,Astec LifeSciences Limited,Agro,Pesticides/Agro Chemicals
ASTRAL,Astral Poly Technik Limited,Plastics,Plastics - Pipes/Tubes
ASTRAMICRO,Astra Microwave Products Limited,Telecom,Telecommunications - Equipment
ASTRAZEN,AstraZeneca Pharma India Limited,Pharmaceuticals,Pharmaceuticals
ATFL,Agro Tech Foods Limited,Edible Oils,Edible Oils & Solvent Extraction
ATLANTA,Atlanta  Limited,Infrastructure,Infrastructure - General
ATUL,Atul Limited,Dyes,Dyes & Pigments
ATULAUTO,Atul Auto Limited,Auto,Auto - 2 & 3 Wheelers
AURIONPRO,Aurionpro Solutions Limited,Computers,Computers - Software
AUROPHARMA,Aurobindo Pharma Limited,Pharmaceuticals,Pharmaceuticals
AUSOMENT,Ausom Enterprise Limited,Trading,Trading
AUTOAXLES,Automotive Axles Limited,Auto Ancl,Auto Ancl - Dr. Trans & Steer - Others
AUTOIND,Autoline Industries Limited,Auto Ancl,Auto Ancl - Equipment Lamp
AUTOLITIND,Autolite (India) Limited,Auto Ancl,Auto Ancl - Equipment Lamp
AVANTIFEED,Avanti Feeds Limited,Food Processing,Indian
AVTNPL,AVT Natural Products Limited,Edible Oils,Edible Oils & Solvent Extraction
AXISBANK,Axis Bank Limited,Banks - Private,Finance - Banks - Private Sector
AXISCADES,AXISCADES Engineering Technologies Limited,Computers,Software - Medium / Small
AXISGOLD,,ETF,Gold
AYMSYNTEX,AYM Syntex Limited,Textiles,Textiles - Processing/Texturising
BAFNAPHARM,,Pharmaceuticals,Formulations
BAGFILMS,B.A.G Films and Media Limited,Entertainment,Entertainment/Multi Media
BAJAJ-AUTO,Bajaj Auto Limited,Auto,Auto - 2 & 3 Wheelers
BAJAJCORP,,Diversified,Diversified
BAJAJELEC,Bajaj Electricals Limited,Appliances,Domestic Appliances - Fans
BAJAJFINSV,Bajaj Finserv Limited,Finance,Finance - General
BAJAJHIND,Bajaj Hindusthan Sugar Limited,Sugar,Sugar - Integrated
BAJAJHLDNG,Bajaj Holdings & Investment Limited,Finance,Finance - Investments
BAJFINANCE,Bajaj Finance Limited,Finance,Finance - Leasing & Hire Purchase
BALAJITELE,Balaji Telefilms Limited,Entertainment,Entertainment/Multi Media
BALAMINES,Balaji Amines Limited,Chemicals,Chemicals - Organic - Others
BALKRISHNA,Balkrishna Paper Mills Limited,,
BALKRISIND,Balkrishna Industries Limited,Auto Ancl,Tyres & Tubes
BALLARPUR,Ballarpur Industries Limited,Paper,Paper & Paper Boards
BALMLAWRIE,Balmer Lawrie & Company Limited,Diversified,Diversified
BALPHARMA,Bal Pharma Limited,Pharmaceuticals,Pharmaceuticals
BALRAMCHIN,Balrampur Chini Mills Limited,Sugar,Sugar - Integrated
BANARISUG,Bannari Amman Sugars Limited,Sugar,Sugar - Others
BANCOINDIA,Banco Products (I) Limited,Auto Ancl,Auto Ancl - Engine Parts
BANKBARODA,Bank of Baroda,Banks - PSU,Finance - Banks - Public Sector
BANKBEES,,ETF,Bank Nifty
BANKINDIA,Bank of India,Banks - PSU,Finance - Banks - Public Sector
BANKNIFTY,,Index,Index
BANSWRAS,Banswara Syntex Limited,Textiles,Textiles - Spinning - Synthetic Blended
BARTRONICS,Bartronics India Limited,Computers,Computers - Hardware
BASF,BASF India Limited,Chemicals,Chemicals - Organic - Others
BASML,Bannari Amman Spinning Mills Limited,Textiles,Textiles - General
BATAINDIA,Bata India Limited,Leather,Leather/Synthetic - Footwear
BAYERCROP,Bayer Cropscience Limited,Agro,Pesticides/Agro Chemicals
BBL,Bharat Bijlee Limited,Electric,Electric Equipment - Transformers
BBTC,Bombay Burmah Trading Corporation Limited,Tea-Coffee,Plantations - Tea & Coffee
BEDMUTHA,Bedmutha Industries Limited,Electronics,Electronics - Others
BEL,Bharat Electronics Limited,Electronics,Electronics - Others
BEML,BEML Limited,Engineering,Engineering - Heavy
BEPL,Bhansali Engineering Polymers Limited,Petrochem,Petrochem - Polymers
BERGEPAINT,Berger Paints (I) Limited,Paints,Paints/Varnishes
BFINVEST,BF Investment Limited,Finance,Finance - Investments
BFUTILITIE,BF Utilities Limited,Power,Power - Generation/Distribution
BGRENERGY,BGR Energy Systems Limited,Engineering,Engineering - General
BHAGERIA,Bhageria Industries Limited,Dyes,Dyes & Pigments
BHANDARI,Bhandari Hosiery Exports Limited,,
BHARATFIN,,,
BHARATFORG,Bharat Forge Limited,Auto Ancl,Forgings
BHARATGEAR,Bharat Gears Limited,Auto Ancl,Auto Ancl - Gears & Drive
BHARATIDIL,,,
BHARATRAS,Bharat Rasayan Limited,Agro,Pesticides/Agro Chemicals
BHARATWIRE,Bharat Wire Ropes Limited,,
BHARTIARTL,Bharti Airtel Limited,Telecom,Telecommunications - Service
BHEL,Bharat Heavy Electricals Limited,Engineering,Engineering - Heavy
BHUSANSTL,,Steel,Steel - CR/HR Strips
BIGBLOC,Bigbloc Construction Limited,,
BIL,Bhartiya International Limited,Leather,Leather - Garments
BINANIIND,Binani Industries Limited,Misc,Miscellaneous
BINDALAGRO,Oswal Chemicals & Fertilizers Limited,Fertilisers,Fertilisers - Nitrogenous/Phosphate
BIOCON,Biocon Limited,Pharmaceuticals,Pharmaceuticals
BIRLACABLE,Birla Cable Limited,,
BIRLACORPN,Birla Corporation Limited,Cement,Cement - Major
BLISSGVS,Bliss GVS Pharma Limited,Pharmaceuticals,Contraceptives
BLKASHYAP,B. L. Kashyap and Sons Limited,Construction,Construction & Contracting - Civil
BLS,BLS International Services Limited,,
BLUEBLENDS,Blue Blends (I) Limited,Textiles,Textiles - Processing/Texturising
BLUECOAST,Blue Coast Hotels Limited,Pharmaceuticals,Pharmaceuticals
BLUEDART,Blue Dart Express Limited,Couriers,Couriers
BLUESTARCO,Blue Star Limited,Air Conditioners,Air Conditioners
BODALCHEM,Bodal Chemicals Limited,Dyes,Dyes & Pigments
BOMDYEING,Bombay Dyeing & Mfg Company Limited,Petrochem,Petrochem - Polymers
BOSCHLTD,Bosch Limited,Auto Ancl,Auto Ancl - Engine Parts
BPCL,Bharat Petroleum Corporation Limited,Refineries,Refineries
BPL,BPL Limited,Consumer Goods,Consumer Goods - Electronic
BRFL,Bombay Rayon Fashions Limited,Textiles,Textiles - General
BRIGADE,Brigade Enterprises Limited,Construction,Construction and Contracting - Real Estate
BRITANNIA,Britannia Industries Limited,Food Processing,Food Processing - Dairy
BROOKS,Brooks Laboratories Limited,Pharmaceuticals,Bulk Drugs & Formln
BSE,BSE Limited,,
BSL,BSL Limited,Textiles,Textiles - Weaving
BSLIMITED,,Transmisson Line Towers / Equipment,Transmisson Line Towers / Equipment
BURNPUR,Burnpur Cement Limited,Cement,Cement - Products/Building Materials
BUTTERFLY,Butterfly Gandhimathi Appliances Limited,Appliances,Domestic Appliances - Others
BYKE,The Byke Hospitality Ltd,Hotels,Hotels
CADILAHC,Cadila Healthcare Limited,Pharmaceuticals,Pharmaceuticals
CAMLINFINE,Camlin Fine Sciences Limited,Chemicals,Chemicals - Others
CANBK,Canara Bank,Banks - PSU,Finance - Banks - Public Sector
CANFINHOME,Can Fin Homes Limited,Finance,Finance - Housing
CANTABIL,Cantabil Retail India Limited,Textiles,Textiles - Readymade Apparels
CAPF,,Finance,Finance - Investments
CAPLIPOINT,Caplin Point Laboratories Limited,Pharmaceuticals,Formulations
CAPTRUST,Capital Trust Limited,,
CARBORUNIV,Carborundum Universal Limited,Grinding Wheels,Abrasives/Grinding Wheels
CAREERP,Career Point Limited,Misc,Miscellaneous
CARERATING,CARE Ratings Limited,Misc,Miscellaneous
CASTEXTECH,Castex Technologies Limited,Auto Ancl,Auto Ancl - Others
CASTROLIND,Castrol India Limited,Chemicals,Chemicals - Others
CCHHL,Country Club Hospitality & Holidays Limited,Hotels,Hotels
CCL,CCL Products (India) Limited,Tea-Coffee,Plantations - Tea & Coffee
CEATLTD,CEAT Limited,Auto Ancl,Tyres & Tubes
CEBBCO,Commercial Engineers & Body Builders Co Limited,Engineering,Engineering - General
CELEBRITY,Celebrity Fashions Limited,Textiles,Textiles - Readymade Apparels
CELESTIAL,,Pharmaceuticals,Pharmaceuticals
CENTENKA,Century Enka Limited,Textiles,Textiles - Manmade Fibre - PFY/PSF
CENTRALBK,Central Bank of India,Banks - PSU,Finance - Banks - Public Sector
CENTUM,Centum Electronics Limited,Electronics,Electronics - Others
CENTURYPLY,Century Plyboards (India) Limited,Consumer Goods,Decoratives - Wood Based
CENTURYTEX,Century Textiles & Industries Limited,Diversified,Diversified
CERA,Cera Sanitaryware Limited,Ceramics,Ceramics/Tiles/Sanitaryware
CEREBRAINT,Cerebra Integrated Technologies Limited,Computers,Computers - Hardware
CESC,CESC Limited,Power,Power - Generation/Distribution
CGCL,Capri Global Capital Limited,Finance,Finance - Investments
CGPOWER,CG Power and Industrial Solutions Limited,,
CHAMBLFERT,Chambal Fertilizers & Chemicals Limited,Fertilisers,Fertilisers - Nitrogenous/Phosphate
CHEMFALKAL,,Chemicals,Chemicals - Inorganic - Caustic Soda/Soda Ash
CHENNPETRO,Chennai Petroleum Corporation Limited,Refineries,Refineries
CHOLAFIN,Cholamandalam Investment and Finance Company Limited,Finance,Finance - Leasing & Hire Purchase
CHROMATIC,Chromatic India Limited,Dyes,Dyes & Pigments
CIGNITITEC,Cigniti Technologies Limited,Computers,Software - Medium / Small
CINELINE,Cineline India Limited,Entertainment,Entertainment/Multi Media
CIPLA,Cipla Limited,Pharmaceuticals,Pharmaceuticals
CLEDUCATE,CL Educate Limited,,
CLNINDIA,Clariant Chemicals (India) Limited,Dyes,Dyes & Pigments
CMICABLES,CMI Limited,,
CNOVAPETRO,CIL Nova Petrochemicals Limited,Textiles,Manmade
COALINDIA,Coal India Limited,Mining,Mining/Minerals
COFFEEDAY,Coffee Day Enterprises Limited,Hotels,Hotels
COLPAL,Colgate Palmolive (India) Limited,FMCG,Personal Care
COMPINFO,Compuage Infocom Limited,,
COMPUSOFT,Compucom Software Limited,Computers,Education
CONCOR,Container Corporation of India Limited,Transport,Transport - Road
CONSOFINVT,Consolidated Finvest & Holdings Limited,Finance,Finance - General
CONTROLPR,Control Print Limited,,
CORDSCABLE,Cords Cable Industries Limited,Cables,Cables - Power/Others
COROMANDEL,Coromandel International Limited,Fertilisers,Fertilisers - Nitrogenous/Phosphate
CORPBANK,,Banks - PSU,Finance - Banks - Public Sector
COSMOFILMS,Cosmo Films Limited,Plastics,Plastics - BOPP - Sheets/Films
COUNCODOS,Country Condo's Limited,Construction,Construction and Contracting - Real Estate
COX&KINGS,Cox & Kings Limited,Travel,Travel Agen. / Tourism Deve. / Amusement Park
CRISIL,CRISIL Limited,Misc,Services - Others
CROMPTON,Crompton Greaves Consumer Electricals Limited,,
CTE,Cambridge Technology Enterprises Limited,Computers,Software - Medium / Small
CUB,City Union Bank Limited,Banks - Private,Finance - Banks - Private Sector
CUMMINSIND,Cummins India Limited,Engines,Engines
CUPID,Cupid Limited,,
CYBERTECH,Cybertech Systems And Software Limited,Computers,Computers - Software
CYIENT,Cyient Limited,Computers,Software - Medium / Small
DAAWAT,LT Foods Limited,Misc,Food Wholesale
DABUR,Dabur India Limited,FMCG,Personal Care
DALMIABHA,,Refractories / Intermediates,Refractories / Intermediates
DALMIASUG,Dalmia Bharat Sugar and Industries Limited,Sugar,Sugar - Integrated
DAMODARIND,Damodar Industries Limited,,
DATAMATICS,Datamatics Global Services Limited,Computers,Computers - Software
DBCORP,D.B.Corp Limited,Printing,Printing/Publishing/Stationery
DBL,Dilip Buildcon Limited,,
DBREALTY,D B Realty Limited,Construction,Construction and Contracting - Real Estate
DBSTOCKBRO,DB (International) Stock Brokers Limited,Finance,Finance - Investments
DCBBANK,DCB Bank Limited,Banks - Private,Finance - Banks - Private Sector
DCM,DCM  Limited,Textiles,Textiles - Spinning - Cotton Blended
DCMSHRIRAM,DCM Shriram Limited,Diversified,Mega
DCW,DCW Limited,Petrochem,Petrochem - Others
DECCANCE,Deccan Cements Limited,Cement,Cement - Mini
DEEPAKFERT,Deepak Fertilizers and Petrochemicals Corporation Limited,Fertilisers,Fertilisers - Nitrogenous/Phosphate
DEEPAKNTR,Deepak Nitrite Limited,Chemicals,Chemicals - Inorganic - Others
DEEPIND,Deep Industries Limited,Misc,Services - Others
DELTACORP,Delta Corp Limited,Diversified,Diversified
DELTAMAGNT,Delta Manufacturing Limited,Electronics,Electronics - Others
DEN,Den Networks Limited,Entertainment,Entertainment/Multi Media
DENABANK,,Banks - PSU,Finance - Banks - Public Sector
DENORA,De Nora India Limited,Misc,Welding Equipment - Electrodes
DFMFOODS,DFM Foods Limited,,
DHAMPURSUG,Dhampur Sugar Mills Limited,Sugar,Sugar - Integrated
DHANBANK,Dhanlaxmi Bank Limited,Banks - Private,Finance - Banks - Private Sector
DHANUKA,Dhanuka Agritech Limited,Agro,Pesticides/Agro Chemicals
DHARSUGAR,Dharani Sugars & Chemicals Limited,Sugar,Sugar - Integrated
DHFL,Dewan Housing Finance Corporation Limited,Finance,Finance - Housing
DHUNINV,Dhunseri Investments Limited,Finance,Finance - General
DIAPOWER,Diamond Power Infra Ltd,Cables,Cables - Power/Others
DICIND,DIC India Limited,Printing,Printing/Publishing/Stationery
DIGJAMLTD,Digjam Limited,,
DISHMAN,,Pharmaceuticals,Pharmaceuticals
DISHTV,Dish TV India Limited,Entertainment,Entertainment/Multi Media
DIVISLAB,Divi's Laboratories Limited,Pharmaceuticals,Pharmaceuticals
DLF,DLF Limited,Construction,Construction and Contracting - Real Estate
DLINKINDIA,D-Link (India) Limited,Misc,Miscellaneous
DMART,Avenue Supermarts Limited,,
DOLPHINOFF,Dolphin Offshore Enterprises (India) Limited,Oil Drilling,Oil Drilling And Exploration
DONEAR,Donear Industries Limited,Textiles,Textiles - Weaving
DPL,,Petrochem,Petrochem - Others
DPSCLTD,DPSC Limited,Power,Power - Generation/Distribution
DREDGECORP,Dredging Corporation of India Limited,Misc,Miscellaneous
DRREDDY,Dr. Reddy's Laboratories Limited,Pharmaceuticals,Pharmaceuticals
DTIL,Dhunseri Tea & Industries Limited,Tea-Coffee,Plantations - Tea & Coffee
DUCON,Ducon Infratechnologies Limited,,
DWARKESH,Dwarikesh Sugar Industries Limited,Sugar,Sugar - Others
DYNAMATECH,Dynamatic Technologies Limited,Misc,Hydraulics
EASTSILK,Eastern Silk Industries Limited,Textiles,Textiles - Synthetic/Silk
ECEIND,,Misc,Lighting Systems
ECLERX,eClerx Services Limited,Services,Business Services
EDELWEISS,Edelweiss Financial Services Limited,Finance,Finance - General
EDL,Empee Distilleries Limited,Beverages,Beverages - Alcoholic - Breweries
EDUCOMP,Educomp Solutions Limited,Computers,Computers - Software - Training
EICHERMOT,Eicher Motors Limited,Auto,Auto - LCVs/HCVs
EIDPARRY,EID Parry India Limited,Sugar,Sugar - Others
EIHAHOTELS,EIH Associated Hotels Limited,Hotels,Hotels
EIHOTEL,EIH Limited,Hotels,Hotels
EIMCOELECO,Eimco Elecon (India) Limited,Engineering,Engineering - Heavy
EKC,Everest Kanto Cylinder Limited,Packaging,Packaging - Others
ELAND,,Textiles,Textiles - Processing/Texturising
ELECON,Elecon Engineering Company Limited,Engineering,Engineering - Heavy
ELECTCAST,Electrosteel Castings Limited,Castings,Castings/Foundry
ELECTHERM,Electrotherm (India) Limited,Engineering,Engineering - General
ELGIEQUIP,Elgi Equipments Limited,Compressors,Compressors
ELGIRUBCO,Elgi Rubber Company Limited,Misc,Miscellaneous
EMAMILTD,Emami Limited,FMCG,Personal Care
EMCO,Emco Limited,Electric,Electric Equipment - Transformers
EMKAY,Emkay Global Financial Services Limited,Finance,Finance - General
EMMBI,Emmbi Industries Limited,Packaging,Packaging - Metallic
ENDURANCE,Endurance Technologies Limited,,
ENERGYDEV,Energy Development Company Limited,Power,Power - Generation/Distribution
ENGINERSIN,Engineers India Limited,Computers,Project Consultancy/Turnkey
ENIL,Entertainment Network (India) Limited,Entertainment,Entertainment/Multi Media
EON,Eon Electric Limited,Electric,Electric Equipment - General
EQUITAS,Equitas Holdings Limited,,
EROSMEDIA,Eros International Media Limited,Entertainment,Entertainment/Multi Media
ESABINDIA,Esab India Limited,Misc,Welding Equipment - Electrodes
ESCORTS,Escorts Limited,Auto,Auto - Tractors
ESL,,Steel,Steel - Tubes/Pipes
ESSARSHPNG,Essar Shipping Limited,Shipping,Shipping
ESSELPACK,Essel Propack Limited,Packaging,
ESTER,Ester Industries Limited,Packaging,Metallic and Plastics
EUROTEXIND,Eurotex Industries and Exports Limited,Textiles,Textiles - Spinning - Cotton Blended
EVEREADY,Eveready Industries India Limited,Dry Cells,Dry Cells
EVERESTIND,Everest Industries Limited,Cement,Cement - Products/Building Materials
EXCEL,Excel Realty N Infra Limited,,
EXCELCROP,,Agro,Pesticides/Agro Chemicals
EXCELINDUS,Excel Industries Limited,Agro,Pesticides/Agro Chemicals
EXIDEIND,Exide Industries Limited,Auto Ancl,Auto Ancl - Batteries
FACT,Fertilizers and Chemicals Travancore Limited,Fertilisers,Fertilisers - Nitrogenous/Phosphate
FAGBEARING,,Auto Ancl,Bearings
FAIRCHEM,Fairchem Speciality Limited,,
FCL,Fineotex Chemical Limited,Chemicals,Chemicals - Speciality - Others
FCONSUMER,Future Consumer Limited,,
FDC,FDC Limited,Pharmaceuticals,Pharmaceuticals
FEDDERLOYD,,Air Conditioners,Air Conditioners
FEDERALBNK,The Federal Bank  Limited,Banks - Private,Finance - Banks - Private Sector
FEL,Future Enterprises Limited,,
FELDVR,Future Enterprises Limited,,
FIEMIND,Fiem Industries Limited,Auto Ancl,Auto Ancl - Equipment Lamp
FILATEX,Filatex India Limited,Textiles,Manmade
FINCABLES,Finolex Cables Limited,Cables,Cables - Telephone
FINPIPE,Finolex Industries Limited,Petrochem,Petrochem - Polymers
FLEXITUFF,Flexituff Ventures International Limited,Packaging,Packaging - Others
FLFL,Future Lifestyle Fashions Limited,Textiles,Products
FMGOETZE,Federal-Mogul Goetze (India) Limited.,Auto Ancl,Auto Ancl - Engine Parts
FMNL,Future Market Networks Limited,Misc,Miscellaneous
FORTIS,Fortis Healthcare Limited,Medical,Hospitals & Medical Services
FOSECOIND,Foseco India Limited,Chemicals,Chemicals - Organic - Others
FRETAIL,Future Retail Limited,,
FSL,Firstsource Solutions Limited,Computers,IT Enabled Services
GABRIEL,Gabriel India Limited,Auto Ancl,Auto Ancl - Shock Absorber
GAEL,Gujarat Ambuja Exports Limited,Edible Oils,Edible Oils & Solvent Extraction
GAIL,GAIL (India) Limited,Oil Drilling,Oil Drilling And Exploration
GAL,Gyscoal Alloys Limited,Steel,Steel - Rolling
GALLANTT,Gallantt Metal Limited,Steel,Steel - Sponge Iron
GALLISPAT,Gallantt Ispat Limited,Steel,Steel
GAMMNINFRA,Gammon Infrastructure Projects Limited,Infrastructure,Infrastructure - General
GAMMONIND,,Construction,Construction & Contracting - Civil
GANDHITUBE,Gandhi Special Tubes Limited,Steel,Steel - Tubes/Pipes
GANECOS,Ganesha Ecosphere Limited,Textiles,Textiles - Processing/Texturising
GANESHHOUC,Ganesh Housing Corporation Limited,Construction,Construction & Contracting - Housing
GARDENSILK,Garden Silk Mills Limited,Textiles,Textiles - Weaving
GARWALLROP,,Textiles,Textiles - General
GATI,GATI Limited,Couriers,Couriers
GAYAPROJ,Gayatri Projects Limited,Infrastructure,Infrastructure - General
GDL,Gateway Distriparks Limited,Misc,Miscellaneous
GEECEE,GeeCee Ventures Limited,Chemicals,Chemicals - Agro Based
GENESYS,Genesys International Corporation Limited,Computers,Computers - Software
GENUSPAPER,Genus Paper & Boards Limited,Paper,Paper & Paper Boards
GENUSPOWER,Genus Power Infrastructures Limited,Electronics,Electronics - Others
GEOJITFSL,Geojit Financial Services Limited,,
GEPIL,GE Power India Limited,,
GESHIP,The Great Eastern Shipping Company Limited,Shipping,Shipping
GET&D,GE T&D India Limited,,
GHCL,GHCL Limited,Chemicals,Chemicals - Inorganic - Caustic Soda/Soda Ash
GICHSGFIN,GIC Housing Finance Limited,Finance,Finance - Housing
GILLANDERS,Gillanders Arbuthnot & Company Limited,Diversified,Diversified
GILLETTE,Gillette India Limited,FMCG,Personal Care
GINNIFILA,Ginni Filaments Limited,Textiles,Textiles - Spinning - Cotton Blended
GIPCL,Gujarat Industries Power Company Limited,Power,Power - Generation/Distribution
GITANJALI,,Jewellery,Diamond Cutting/Precious Metals/Jewellery
GKWLIMITED,GKW Limited,Misc,Fasteners
GLAXO,GlaxoSmithKline Pharmaceuticals Limited,Pharmaceuticals,Pharmaceuticals
GLENMARK,Glenmark Pharmaceuticals Limited,Pharmaceuticals,Pharmaceuticals
GLOBALVECT,Global Vectra Helicorp Limited,Misc,Services - Others
GLOBOFFS,Global Offshore Services Limited,Shipping,Shipping
GLOBUSSPR,Globus Spirits Limited,Beverages,Beverages - Alcoholic - Breweries
GMBREW,GM Breweries Limited,Beverages,Beverages - Alcoholic - Distilleries
GMDCLTD,Gujarat Mineral Development Corporation Limited,Mining,Mining/Minerals
GMRINFRA,GMR Infrastructure Limited,Infrastructure,Infrastructure - General
GNA,GNA Axles Limited,,
GNFC,Gujarat Narmada Valley Fertilizers and Chemicals Limited,Fertilisers,Fertilisers - Nitrogenous/Phosphate
GOACARBON,Goa Carbon Limited,Petrochem,Petrochem - Others
GOCLCORP,GOCL Corporation Limited,Chemicals,Chemicals - Others
GODFRYPHLP,Godfrey Phillips India Limited,Cigarettes,Cigarettes
GODREJCP,Godrej Consumer Products Limited,FMCG,Personal Care
GODREJIND,Godrej Industries Limited,Chemicals,Chemicals - Others
GODREJPROP,Godrej Properties Limited,Construction,Construction and Contracting - Real Estate
GOKUL,Gokul Refoils and Solvent Limited,Edible Oils,Edible Oils & Solvent Extraction
GOKULAGRO,Gokul Agro Resources Limited,,
GOLDBEES,,ETF,Gold
GOLDIAM,Goldiam International Limited,Jewellery,Diamond Cutting/Precious Metals/Jewellery
GOLDSHARE,,ETF,Gold
GOODLUCK,Goodluck India Limited,Steel,Steel
GPIL,Godawari Power And Ispat limited,Steel,Steel - Sponge Iron
GPPL,Gujarat Pipavav Port Limited,Shipping,Ship - Docks/Breaking/Repairs
GPTINFRA,GPT Infraprojects Limited,,
GRANULES,Granules India Limited,Pharmaceuticals,Pharmaceuticals
GRAPHITE,Graphite India Limited,Electronics,Electrodes - Graphite
GRASIM,Grasim Industries Limited,Diversified,Diversified
GRAVITA,Gravita India Limited,Metals,Metals - Non Ferrous - Others
GREAVESCOT,Greaves Cotton Limited,Engines,Engines
GREENLAM,Greenlam Industries Limited,Misc,Miscellaneous
GREENPLY,Greenply Industries Limited,Consumer Goods,Decoratives - Wood Based
GREENPOWER,Orient Green Power Company Limited,Power,Power - Generation/Distribution
GRINDWELL,Grindwell Norton Limited,Grinding Wheels,Abrasives/Grinding Wheels
GROBTEA,The Grob Tea Company Limited,,
GRPLTD,GRP Limited,Misc,Miscellaneous
GRUH,,Finance,Finance - Housing
GSCLCEMENT,Gujarat Sidhee Cement Limited,Cement,North India
GSFC,Gujarat State Fertilizers & Chemicals Limited,Fertilisers,Fertilisers - Nitrogenous/Phosphate
GSKCONS,,Food Processing,Food Processing - Dairy
GSPL,Gujarat State Petronet Limited,Petrochem,Petrochem - Others
GSS,GSS Infotech Limited,Computers,Computers - Software
GTL,GTL Limited,Telecom,Telecommunications - Equipment
GTLINFRA,GTL Infrastructure Limited,Telecom,Telecommunications - Equipment
GTNIND,GTN Industries Limited,Textiles,Textiles - Spinning - Cotton Blended
GTOFFSHORE,,Shipping,Shipping
GUFICBIO,Gufic Biosciences Limited,Pharmaceuticals,Pharmaceuticals
GUJALKALI,Gujarat Alkalies and Chemicals Limited,Chemicals,Chemicals - Inorganic - Caustic Soda/Soda Ash
GUJAPOLLO,Gujarat Apollo Industries Limited,Engineering,Engineering - Heavy
GUJFLUORO,,Chemicals,Chemicals - Organic - Others
GUJGASLTD,Gujarat Gas Limited,Gas,Miscellaneous
GUJNRECOKE,,Coke,Coke/Metallurgical Coke
GUJNREDVR,,Coke,Coke/Metallurgical Coke
GULFOILLUB,Gulf Oil Lubricants India Limited,Chemicals,Chemicals - Others
GULFPETRO,GP Petroleums Limited,Chemicals,Chemicals - Others
GULPOLY,Gulshan Polyols Limited,Chemicals,Chemicals - Others
GVKPIL,GVK Power & Infrastructure Limited,Power,Power - Generation/Distribution
HANUNG,,Misc,Toys
HARITASEAT,Harita Seating Systems Limited,Auto Ancl,Auto Ancl - Others
HARRMALAYA,Harrisons  Malayalam Limited,Tea-Coffee,Plantations - Tea & Coffee
HATHWAY,Hathway Cable & Datacom Limited,Entertainment,Entertainment/Multi Media
HATSUN,Hatsun Agro Product Limited,Food Processing,Indian
HAVELLS,Havells India Limited,Electric,Electric Equipment - Switchgear/Circuit Breaker
HBLPOWER,HBL Power Systems Limited,Electric,Electric Equipment - General
HBSTOCK,,Finance,Finance - Leasing & Hire Purchase
HCC,Hindustan Construction Company Limited,Construction,Construction & Contracting - Civil
HCG,Healthcare Global Enterprises Limited,,
HCL-INSYS,HCL Infosystems Limited,Computers,Computers - Hardware
HCLTECH,HCL Technologies Limited,Computers,Computers - Software
HDFC,Housing Development Finance Corporation Limited,Finance,Finance - Housing
HDFCBANK,HDFC Bank Limited,Banks - Private,Finance - Banks - Private Sector
HDIL,Housing Development and Infrastructure Limited,Construction,Construction and Contracting - Real Estate
HEG,HEG Limited,Electronics,Electrodes - Graphite
HEIDELBERG,HeidelbergCement India Limited,Cement,Cement - Major
HERCULES,Hercules Hoists Limited,Engineering,Engineering - General
HERITGFOOD,Heritage Foods Limited,Food Processing,Food Processing - Dairy
HEROMOTOCO,Hero MotoCorp Limited,Auto,Auto - 2 & 3 Wheelers
HESTERBIO,Hester Biosciences Limited,Pharmaceuticals,Formulations
HEXATRADEX,Hexa Tradex Limited,Trading,Trading
HEXAWARE,Hexaware Technologies Limited,Computers,Computers - Software
HFCL,HFCL Limited,Telecom,Telecommunications - Equipment
HGS,Hinduja Global Solutions Limited,Computers,Software - Medium / Small
HIGHGROUND,High Ground Enterprise Limited,,
HIKAL,Hikal Limited,Pharmaceuticals,Pharmaceuticals
HIL,HIL Limited,Cement,Cement - Products/Building Materials
HILTON,Hilton Metal Forging Limited,Auto Ancl,Forgings
HIMATSEIDE,Himatsingka Seide Limited,Textiles,Textiles - Synthetic/Silk
HINDALCO,Hindalco Industries Limited,Aluminium,Aluminium
HINDCOMPOS,Hindustan Composites Limited,Auto Ancl,Auto Ancl - Dr. Trans & Steer - Clutch
HINDCOPPER,Hindustan Copper Limited,Metals,Metals - Non Ferrous - Copper/Copper Alloys - Prod
HINDMOTORS,Hindustan Motors Limited,Auto,Auto - Cars & Jeeps
HINDNATGLS,Hindusthan National Glass & Industries Limited,Glass,Glass - Others
HINDOILEXP,Hindustan Oil Exploration Company Limited,Oil Drilling,Oil Drilling And Exploration
HINDPETRO,Hindustan Petroleum Corporation Limited,Refineries,Refineries
HINDUJAFO,,Castings,Castings/Foundry
HINDUJAVEN,,Computers,Computers - Software
HINDUNILVR,Hindustan Unilever Limited,FMCG,Personal Care
HINDZINC,Hindustan Zinc Limited,Metals,Metals - Non Ferrous - Zinc/Zinc Alloys - Products
HIRECT,Hind Rectifiers Limited,Electronics,Electronics - Others
HISARMETAL,Hisar Metal Industries Limited,,
HITECHGEAR,The Hi-Tech Gears Limited,Auto Ancl,Auto Ancl - Gears & Drive
HMVL,Hindustan Media Ventures Limited,Printing,Printing/Publishing/Stationery
HONAUT,Honeywell Automation India Limited,Misc,Instrumentation & Process Control
HONDAPOWER,Honda Siel Power Products Limited,Electric,Electric Equipment - Gensets/Turbines
HOTELEELA,,Hotels,Hotels
HOVS,HOV Services Limited,Computers,IT Enabled Services
HPL,HPL Electric & Power Limited,,
HSCL,Himadri Speciality Chemical Limited,,
HSIL,HSIL Limited,Ceramics,Ceramics/Tiles/Sanitaryware
HTMEDIA,HT Media Limited,Printing,Printing/Publishing/Stationery
HUBTOWN,Hubtown Limited,Construction,Construction and Contracting - Real Estate
HUDCO,Housing & Urban Development Corporation Limited,,
IBREALEST,Indiabulls Real Estate Limited,Construction,Construction and Contracting - Real Estate
IBULHSGFIN,Indiabulls Housing Finance Limited,Finance,Finance - Investments
IBVENTURES,Indiabulls Ventures Limited,Finance,Finance - Investments
ICICIBANK,ICICI Bank Limited,Banks - Private,Finance - Banks - Private Sector
ICICIPRULI,ICICI Prudential Life Insurance Company Limited,,
ICIL,Indo Count Industries Limited,Textiles,Textiles - Spinning - Cotton Blended
ICRA,ICRA Limited,Misc,Services - Others
ICSA,,Computers,Computers - Software
IDBI,IDBI Bank Limited,Banks - PSU,Finance - Banks - Public Sector
IDEA,Vodafone Idea Limited,Telecom,Telecommunications - Service
IDFC,IDFC Limited,Finance,Finance - Term Lending Institutions
IDFCBANK,,Banks - Private,Finance - Banks - Private Sector
IFBAGRO,IFB Agro Industries Limited,Chemicals,Chemicals - Organic - Alcohol Based
IFBIND,IFB Industries Limited,Consumer Goods,Consumer Goods - White - Washing Mach./Refrig./Oth
IFCI,IFCI Limited,Finance,Finance - Term Lending Institutions
IFGLREFRAC,,Misc,Refractories
IGARASHI,Igarashi Motors India Limited,Electric,Electric Equipment - General
IGL,Indraprastha Gas Limited,Gas,Industrial Gas
IGPL,IG Petrochemicals Limited,Chemicals,Chemicals - Organic - Maleic Anhydride
IIFL,IIFL Finance Limited,Finance,Finance - Investments
IITL,Industrial Investment Trust Limited,Finance,Finance - Investments
IL&FSENGG,IL&FS Engineering and Construction Company Limited,Construction,Construction & Contracting - Civil
IL&FSTRANS,IL&FS Transportation Networks Limited,Construction,Construction & Contracting - Civil
IMFA,Indian Metals & Ferro Alloys Limited,Mining,Mining/Minerals
IMPAL,India Motor Parts and Accessories Limited,Auto Ancl,Auto Ancl - Engine Parts
IMPEXFERRO,Impex Ferro Tech Limited,Misc,Ferro Alloys
INDBANK,Indbank Merchant Banking Services Limited,Finance,Finance - General
INDHOTEL,The Indian Hotels Company Limited,Hotels,Hotels
INDIACEM,The India Cements Limited,Cement,Cement - Major
INDIAGLYCO,India Glycols Limited,Chemicals,Chemicals - Organic - Alcohol Based
INDIANB,Indian Bank,Banks - PSU,Finance - Banks - Public Sector
INDIANCARD,Indian Card Clothing Company Limited,Textiles,Textiles - Machinery
INDIANHUME,Indian Hume Pipe Company Limited,Cement,Cement - Products/Building Materials
INDIGO,InterGlobe Aviation Limited,Transport,Transport - Air
INDLMETER,IMP Powers Limited,Electric,Electric Equipment - Transformers
INDNIPPON,India Nippon Electricals Limited,Auto Ancl,Auto Ancl - Electrical
INDOCO,Indoco Remedies Limited,Pharmaceuticals,Pharmaceuticals
INDORAMA,Indo Rama Synthetics (India) Limited,Textiles,Textiles - Spinning - Synthetic Blended
INDOSOLAR,Indosolar Limited,Misc,Non Conventional Energy - Generation/Support Equip
INDOTECH,Indo Tech Transformers Limited,Power,Power - Transmission/Equipment
INDOTHAI,Indo Thai Securities Limited,Finance,Finance - Investments
INDOWIND,Indowind Energy Limited,Power,Power - Generation/Distribution
INDRAMEDCO,Indraprastha Medical Corporation Limited,Medical,Hospitals & Medical Services
INDSWFTLAB,Ind-Swift Laboratories Limited,Pharmaceuticals,Pharmaceuticals
INDTERRAIN,Indian Terrain Fashions Limited,Textiles,Textiles - Readymade Apparels
INDUSINDBK,IndusInd Bank Limited,Banks - Private,Finance - Banks - Private Sector
INEOSSTYRO,INEOS Styrolution India Limited,,
INFIBEAM,Infibeam Avenues Limited,,
INFINITE,,Computers,Computers - Software
INFRATEL,Bharti Infratel Limited,Transmisson Line Towers / Equipment,Transmisson Line Towers / Equipment
INFY,Infosys Limited,Computers,Computers - Software
INGERRAND,Ingersoll Rand (India) Limited,Compressors,Compressors
INOXLEISUR,INOX Leisure Limited,Entertainment,Entertainment/Multi Media
INOXWIND,Inox Wind Limited,Electric,Electric Equipment - General
INSECTICID,Insecticides (India) Limited,Agro,Pesticides/Agro Chemicals
INTELLECT,Intellect Design Arena Limited,Computers,Software - Medium / Small
INTENTECH,Intense Technologies Limited,,
INVENTURE,Inventure Growth & Securities Limited,Finance,Finance - Investments
IOB,Indian Overseas Bank,Banks - PSU,Finance - Banks - Public Sector
IOC,Indian Oil Corporation Limited,Refineries,Refineries
IOLCP,IOL Chemicals and Pharmaceuticals Limited,Chemicals,Chemicals - Inorganic - Others
IPAPPM,,Paper,Paper & Paper Boards
IPCALAB,IPCA Laboratories Limited,Pharmaceuticals,Pharmaceuticals
IRB,IRB Infrastructure Developers Limited,Construction,Construction & Contracting - Civil
ISFT,Intrasoft Technologies Limited,Computers,IT Enabled Services
ISMTLTD,ISMT Limited,Steel,Steel - Rolling
ITC,ITC Limited,Cigarettes,Cigarettes
ITDC,India Tourism Development Corporation Limited,,
ITDCEM,ITD Cementation India Limited,Construction,Construction & Contracting - Civil
ITI,ITI Limited,Telecom,Telecommunications - Equipment
IVC,IL&FS Investment Managers Limited,Finance,Finance - Investments
IVP,IVP Limited,Misc,Vanaspati
IVRCLINFRA,,Construction,Construction & Contracting - Civil
IZMO,IZMO Limited,Computers,Software - Medium / Small
J&KBANK,The Jammu & Kashmir Bank Limited,Banks - Private,Finance - Banks - Private Sector
JAGRAN,Jagran Prakashan Limited,Printing,Printing/Publishing/Stationery
JAGSNPHARM,Jagsonpal Pharmaceuticals Limited,Pharmaceuticals,Pharmaceuticals
JAIBALAJI,Jai Balaji Industries Limited,Steel,Steel - Sponge Iron
JAICORPLTD,Jai Corp Limited,Steel,Steel - GP/GC Sheets
JAMNAAUTO,Jamna Auto Industries Limited,Auto Ancl,Auto Ancl - Susp. & Braking - Springs
JAYAGROGN,Jayant Agro Organics Limited,Chemicals,Chemicals - Speciality - Others
JAYBARMARU,Jay Bharat Maruti Limited,Auto Ancl,Auto Ancl - Others
JAYNECOIND,Jayaswal Neco Industries Limited,Castings,Castings/Foundry
JAYSREETEA,Jayshree Tea & Industries Limited,Tea-Coffee,Plantations - Tea & Coffee
JBCHEPHARM,JB Chemicals & Pharmaceuticals Limited,Pharmaceuticals,Pharmaceuticals
JBFIND,JBF Industries Limited,Textiles,Textiles - Manmade Fibre - PFY/PSF
JBMA,JBM Auto Limited,Auto Ancl,Auto Ancl - Others
JCHAC,Johnson Controls - Hitachi Air Conditioning India Limited,,
JETAIRWAYS,Jet Airways (India) Limited,Transport,Transport - Air
JINDALPOLY,Jindal Poly Films Limited,Packaging,Packaging - Others
JINDALSAW,Jindal Saw Limited,Steel,Steel - Tubes/Pipes
JINDALSTEL,Jindal Steel & Power Limited,Steel,Steel - Sponge Iron
JINDCOT,,Textiles,Textiles - General
JINDRILL,Jindal Drilling And Industries Limited,Oil Drilling,Oil Drilling And Exploration
JINDWORLD,Jindal Worldwide Limited,Textiles,Textiles - General
JISLDVREQS,Jain Irrigation Systems Limited,Plastics,Plastics - Others
JISLJALEQS,Jain Irrigation Systems Limited,Misc,Drip Irrigation Systems
JKCEMENT,JK Cement Limited,Cement,Cement - Major
JKIL,J.Kumar Infraprojects Limited,Construction,Construction & Contracting - Civil
JKLAKSHMI,JK Lakshmi Cement Limited,Cement,Cement - Major
JKPAPER,JK Paper Limited,Paper,Paper & Paper Boards
JKTYRE,JK Tyre & Industries Limited,Auto Ancl,Tyres & Tubes
JMA,Jullundur Motor Agency (Delhi) Limited,Auto Ancl,Auto Ancl - Others
JMCPROJECT,JMC Projects (India)  Limited,Construction,Construction & Contracting - Civil
JMFINANCIL,JM Financial Limited,Finance,Finance - Investments
JMTAUTOLTD,JMT Auto Limited,Auto Ancl,Auto Ancl - Gears & Drive
JOCIL,Jocil Limited,Chemicals,Chemicals - Inorganic - Caustic Soda/Soda Ash
JPASSOCIAT,Jaiprakash Associates Limited,Construction,Construction & Contracting - Civil
JPINFRATEC,Jaypee Infratech Limited,Construction,Construction & Contracting - Civil
JPOLYINVST,Jindal Poly Investment and Finance Company Limited,Finance,Finance - Investments
JPPOWER,Jaiprakash Power Ventures Limited,Power,Power - Generation/Distribution
JSL,Jindal Stainless Limited,Steel,Steel - Alloys/Special
JSLHISAR,Jindal Stainless (Hisar) Limited,,
JSWENERGY,JSW Energy Limited,Power,Power - Generation/Distribution
JSWHL,JSW Holdings Limited,Finance,Finance - Investments
JSWSTEEL,JSW Steel Limited,Steel,Steel
JUBILANT,Jubilant Life Sciences Limited,Pharmaceuticals,Pharmaceuticals
JUBLFOOD,Jubilant Foodworks Limited,Food Processing,Food Processing - Miscellaneous
JUBLINDS,Jubilant Industries Limited,Agro,Pesticides/Agro Chemicals
JUNIORBEES,,ETF,Junior Nifty
JUSTDIAL,Just Dial Limited,Misc,Miscellaneous
JVLAGRO,JVL Agro Industries Limited,Edible Oils,Edible Oils & Solvent Extraction
JYOTHYLAB,Jyothy Labs Limited,FMCG,Personal Care
JYOTISTRUC,Jyoti Structures Limited,Power,Power - Transmission/Equipment
KABRAEXTRU,Kabra Extrusion Technik Limited,Engineering,Engineering - Heavy
KAJARIACER,Kajaria Ceramics Limited,Ceramics,Ceramics/Tiles/Sanitaryware
KAKATCEM,Kakatiya Cement Sugar & Industries Limited,Cement,Cement - Mini
KALPATPOWR,Kalpataru Power Transmission Limited,Power,Power - Transmission/Equipment
KAMATHOTEL,Kamat Hotels (I) Limited,Hotels,Hotels
KAMDHENU,Kamdhenu Limited,,
KANANIIND,Kanani Industries Limited,Jewellery,Diamond Cutting/Precious Metals/Jewellery
KANORICHEM,Kanoria Chemicals & Industries Limited,Chemicals,Chemicals - Inorganic - Caustic Soda/Soda Ash
KANSAINER,Kansai Nerolac Paints Limited,Paints,Paints/Varnishes
KARMAENG,Karma Energy Limited,Power,Power - Generation/Distribution
KARURVYSYA,Karur Vysya Bank Limited,Banks - Private,Finance - Banks - Private Sector
KAUSHALYA,Kaushalya Infrastructure Development Corporation Limited,Construction,Construction & Contracting - Civil
KAVVERITEL,,Telecom,Telecommunications - Equipment
KAYA,Kaya Limited,Personal Care,Indian
KCP,KCP Limited,Cement,Cement - Mini
KCPSUGIND,KCP Sugar and Industries Corporation Limited,Sugar,Sugar - Others
KDDL,KDDL Limited,,
KEC,KEC International Limited,Power,Power - Transmission/Equipment
KECL,Kirloskar Electric Company Limited,Electric,Electric Equipment - General
KEI,KEI Industries Limited,Cables,Cables - Power/Others
KELLTONTEC,Kellton Tech Solutions Limited,Computers,Software - Medium / Small
KESARENT,,Sugar,Sugar - Integrated
KESORAMIND,Kesoram Industries Limited,Diversified,Diversified
KEYCORPSER,,Finance,Finance - General
KGL,Karuturi Global Limited,Misc,Floriculture
KHANDSE,Khandwala Securities Limited,Finance,Finance - General
KICL,Kalyani Investment Company Limited,Finance,Finance - Investments
KINGFA,Kingfa Science & Technology (India) Limited,,
KIOCL,KIOCL Limited,,
KIRIINDUS,Kiri Industries Limited,Dyes,Dyes & Pigments
KIRLOSBROS,Kirloskar Brothers Limited,Misc,Pumps
KIRLOSENG,Kirloskar Oil Engines Limited,Engines,Engines
KIRLOSIND,Kirloskar Industries Limited,Engines,Engines
KITEX,Kitex Garments Limited,Textiles,Products
KKCL,Kewal Kiran Clothing Limited,Retail,Retail - Apparel/Accessories
KMSUGAR,K.M.Sugar Mills Limited,Sugar,Sugar - Others
KNRCON,KNR Constructions Limited,Construction,Construction & Contracting - Civil
KOHINOOR,Kohinoor Foods Limited,Commodities,Commodities - Trading - Rice
KOKUYOCMLN,Kokuyo Camlin Limited,Printing,Printing/Publishing/Stationery
KOLTEPATIL,Kolte - Patil Developers Limited,Construction,Construction & Contracting - Housing
KOPRAN,Kopran Limited,Pharmaceuticals,Pharmaceuticals
KOTAKBANK,Kotak Mahindra Bank Limited,Banks - Private,Finance - Banks - Private Sector
KOTAKGOLD,,ETF,Gold
KOTAKNIFTY,,ETF,Nifty
KOTAKPSUBK,,ETF,CNX PSU Bank Index
KOTARISUG,Kothari Sugars And Chemicals Limited,Sugar,Sugar - Integrated
KOTHARIPET,Kothari Petrochemicals Limited,Trading,Trading
KOTHARIPRO,Kothari Products Limited,Misc,Pan Masala/Tobbacco Products
KPIT,,Computers,Computers - Software
KPRMILL,K.P.R. Mill Limited,Textiles,Textiles - Readymade Apparels
KRBL,KRBL Limited,Commodities,Commodities - Trading - Rice
KSBPUMPS,,Misc,Pumps
KSCL,Kaveri Seed Company Limited,Misc,Seeds/Tissue Culture/Bio Technology
KSL,Kalyani Steels Limited,Steel,Medium / Small
KTIL,,Misc,Storage
KTKBANK,The Karnataka Bank Limited,Banks - Private,Finance - Banks - Private Sector
KWALITY,kwality limited,Food Processing,Food Processing - Dairy
L&TFH,L&T Finance Holdings Limited,Finance,Finance - Investments
LAKPRE,Lakshmi Precision Screws Limited,Misc,Fasteners
LAKSHMIEFL,,Commodities,Commodities - Trading - Rice
LAKSHVILAS,Lakshmi Vilas Bank Limited,Banks - Private,Finance - Banks - Private Sector
LALPATHLAB,Dr. Lal Path Labs Ltd.,Healthcare,Healthcare
LAMBODHARA,Lambodhara Textiles Limited,Textiles,Textiles - Spinning - Cotton Blended
LAOPALA,La Opala RG Limited,Glass,Glass - Others
LAURUSLABS,Laurus Labs Limited,,
LAXMIMACH,Lakshmi Machine Works Limited,Textiles,Textiles - Machinery
LGBBROSLTD,LG Balakrishnan & Bros Limited,Engineering,Engineering - General
LIBERTSHOE,Liberty Shoes Limited,Leather,Leather/Synthetic - Footwear
LICHSGFIN,LIC Housing Finance Limited,Finance,Finance - Housing
LINCOLN,Lincoln Pharmaceuticals Limited,Pharmaceuticals,Formulations
LINCPEN,Linc Pen & Plastics Limited,Printing,Printing/Publishing/Stationery
LINDEINDIA,Linde India Limited,Chemicals,Chemicals
LIQUIDBEES,,ETF,Government Securities
LITL,,Infrastructure,Infrastructure - General
LLOYDELENG,,Air Conditioners,Air Conditioners
LML,,Auto,Auto - 2 & 3 Wheelers
LOKESHMACH,Lokesh Machines Limited,Misc,Machine Tools
LOTUSEYE,Lotus Eye Hospital and Institute Limited,Medical,Hospitals & Medical Services
LOVABLE,Lovable Lingerie Limited,Textiles,Textiles - Readymade Apparels
LPDC,Landmark Property Development Company Limited,Construction,Construction and Contracting - Real Estate
LSIL,Lloyds Steels Industries Limited,,
LT,Larsen & Toubro Limited,Diversified,Diversified
LTI,Larsen & Toubro Infotech Limited,,
LTTS,L&T Technology Services Limited,,
LUMAXIND,Lumax Industries Limited,Auto Ancl,Auto Ancl - Equipment Lamp
LUMAXTECH,Lumax Auto Technologies Limited,Auto Ancl,Auto Ancillaries
LUPIN,Lupin Limited,Pharmaceuticals,Pharmaceuticals
LUXIND,Lux Industries Limited,Textiles,Textiles - Composite Mills
LYKALABS,Lyka Labs Limited,Pharmaceuticals,Pharmaceuticals
LYPSAGEMS,Lypsa Gems & Jewellery Limited,Jewellery,Diamond Cutting/Precious Metals/Jewellery
M&M,Mahindra & Mahindra Limited,Auto,Car-Jeeps-Tractors
M&MFIN,Mahindra & Mahindra Financial Services Limited,Finance,Finance - Leasing & Hire Purchase
MAANALU,Maan Aluminium Limited,Aluminium,Aluminium
MADHAV,Madhav Marbles and Granites Limited,Misc,Miscellaneous
MADHUCON,Madhucon Projects Limited,Construction,Construction & Contracting - Civil
MAGMA,Magma Fincorp Limited,Finance,Finance - Investments
MAGNUM,Magnum Ventures Limited,Paper,Paper & Paper Boards
MAHABANK,Bank of Maharashtra,Banks - PSU,Finance - Banks - Public Sector
MAHASTEEL,Mahamaya Steel Industries Limited,,
MAHINDCIE,Mahindra CIE Automotive Limited,Castings,Castings/Foundry
MAHLIFE,Mahindra Lifespace Developers Limited,Construction,Construction & Contracting - Civil
MAHSCOOTER,Maharashtra Scooters Limited,Auto,Auto - 2 & 3 Wheelers
MAHSEAMLES,Maharashtra Seamless Limited,Steel,Steel - Seamless Tubes
MAITHANALL,Maithan Alloys Limited,Mining,Minerals / Metals
MAJESCO,Majesco Limited,Computers,Software - Medium / Small
MALUPAPER,Malu Paper Mills Limited,Paper,Paper - News Print
MANAKCOAT,Manaksia Coated Metals & Industries Limited,Steel,Medium / Small
MANAKSIA,Manaksia Limited,Packaging,Packaging - Metallic
MANAKSTEEL,Manaksia Steels Limited,Steel,Medium / Small
MANALIPETC,Manali Petrochemicals Limited,Petrochem,Petrochem - Polymers
MANAPPURAM,Manappuram Finance Limited,Finance,Finance - Leasing & Hire Purchase
MANDHANA,,Textiles,Textiles - Manmade Fibre - Rayon
MANGALAM,Mangalam Drugs And Organics Limited,Pharmaceuticals,Bulk Drugs & Formln
MANGCHEFER,Mangalore Chemicals & Fertilizers Limited,Fertilisers,Fertilisers - Nitrogenous/Phosphate
MANGLMCEM,Mangalam Cement Limited,Cement,Cement - Major
MANGTIMBER,Mangalam Timber Products Limited,Consumer Goods,Decoratives - Wood Based
MANINDS,Man Industries (India) Limited,Steel,Steel - Tubes/Pipes
MANINFRA,Man Infraconstruction Limited,Construction,Construction & Contracting - Civil
MANPASAND,Manpasand Beverages Limited,Food Processing,Indian
MANUGRAPH,Manugraph India Limited,Engineering,Engineering - General
MARALOVER,Maral Overseas Limited,Textiles,Textiles - Spinning - Cotton Blended
MARATHON,Marathon Nextgen Realty Limited,,
MARICO,Marico Limited,FMCG,Personal Care
MARKSANS,Marksans Pharma Limited,Pharmaceuticals,Pharmaceuticals
MARUTI,Maruti Suzuki India Limited,Auto,Auto - Cars & Jeeps
MASTEK,Mastek Limited,Computers,Computers - Software
MAWANASUG,Mawana Sugars Limited,Sugar,Sugar - Others
MAXINDIA,Max India Limited,,
MAXVIL,Max Ventures and Industries Limited,,
MAYURUNIQ,Mayur Uniquoters Ltd,Plastics,Products
MAZDA,Mazda Limited,,
MBECL,Mcnally Bharat Engineering Company Limited,Engineering,Turnkey Services
MBLINFRA,MBL Infrastructures Limited,Construction,Construction & Contracting - Civil
MCDHOLDING,McDowell Holdings Limited,,
MCDOWELL-N,United Spirits Limited,Beverages,Beverages - Alcoholic - Distilleries
MCLEODRUSS,Mcleod Russel India Limited,Tea-Coffee,Plantations - Tea & Coffee
MCX,Multi Commodity Exchange of India Limited,Misc,Miscellaneous
MEGASOFT,Megasoft Limited,Computers,Computers - Software
MEGH,Meghmani Organics Limited,Agro,Pesticides/Agro Chemicals
MENONBE,Menon Bearings Limited,,
MEP,MEP Infrastructure Developers Limited,Construction,Construction
MERCATOR,Mercator Limited,Shipping,Shipping
MERCK,,Pharmaceuticals,Pharmaceuticals
METALFORGE,Metalyst Forgings Limited,Castings,Castings/Foundry
MFSL,Max Financial Services Limited,Packaging,Packaging - Others
MGL,Mahanagar Gas Limited,,
MHRIL,Mahindra Holidays & Resorts India Limited,Hotels,Resorts
MIC,MIC Electronics Limited,Electronics,Electronics - Others
MINDACORP,Minda Corporation Limited,Auto Ancl,Auto Ancillaries
MINDAIND,Minda Industries Limited,Auto Ancl,Auto Ancillaries
MINDTECK,Mindteck (India) Limited,,
MINDTREE,MindTree Limited,Computers,Computers - Software
MIRCELECTR,MIRC Electronics Limited,Consumer Goods,Consumer Goods - Electronic
MIRZAINT,Mirza International Limited,Leather,Leather/Synthetic - Footwear
MMFL,MM Forgings Limited,Auto Ancl,Forgings
MMTC,MMTC Limited,Trading,Trading
MOHITIND,Mohit Industries Limited,Textiles,Textiles - Processing/Texturising
MOIL,MOIL Limited,,
MOLDTECH,Mold-Tek Technologies Limited,,
MOLDTKPAC,Mold-Tek Packaging Limited,Plastics,Products
MONNETISPA,,Steel,Steel - Sponge Iron
MONSANTO,,Agro,Pesticides/Agro Chemicals
MONTECARLO,Monte Carlo Fashions Limited,Textiles,Products
MORARJEE,Morarjee Textiles Limited,Textiles,Products
MOREPENLAB,Morepen Laboratories Limited,Pharmaceuticals,Pharmaceuticals
MOSERBAER,,Computers,Computers - Accessories/Peripherals
MOTHERSUMI,Motherson Sumi Systems Limited,Auto Ancl,Auto Ancl - Electrical
MOTILALOFS,Motilal Oswal Financial Services Limited,Finance,Finance - General
MPHASIS,MphasiS Limited,Computers,Computers - Software
MPSLTD,MPS Limited,Printing,Printing/Publishing/Stationery
MRF,MRF Limited,Auto Ancl,Tyres & Tubes
MRO-TEK,MRO-TEK Realty Limited,Computers,Computers - Hardware
MRPL,Mangalore Refinery and Petrochemicals Limited,Refineries,Refineries
MSPL,MSP Steel & Power Limited,Steel,Steel - Sponge Iron
MTEDUCARE,MT Educare Limited,Misc,Miscellaneous
MTNL,Mahanagar Telephone Nigam Limited,Telecom,Telecommunications - Service
MUKANDENGG,Mukand Engineers Limited,Computers,Project Consultancy/Turnkey
MUKANDLTD,Mukand Limited,Steel,Steel - Alloys/Special
MUKTAARTS,Mukta Arts Limited,Entertainment,Entertainment/Multi Media
MUNJALAU,Munjal Auto Industries Limited,Auto Ancl,Auto Ancl - Others
MUNJALSHOW,Munjal Showa Limited,Auto Ancl,Auto Ancl - Shock Absorber
MUTHOOTCAP,Muthoot Capital Services Limited,Finance,Finance - Investments
MUTHOOTFIN,Muthoot Finance Limited,Finance,Finance - Investments
MVL,,Construction,Construction
NAGAAGRI,,,
NAGAFERT,Nagarjuna Fertilizers and Chemicals Limited,,
NAGAROIL,,Refineries,Refineries
NAGREEKCAP,Nagreeka Capital & Infrastructure Limited,Finance,Finance - Investments
NAGREEKEXP,Nagreeka Exports Limited,Textiles,Textiles - Spinning - Cotton Blended
NAHARCAP,Nahar Capital and Financial Services Limited,Finance,Finance - Investments
NAHARINDUS,Nahar Industrial Enterprises Limited,Textiles,Textiles - Composite Mills
NAHARPOLY,Nahar Poly Films Limited,Textiles,Textiles - Spinning - Cotton Blended
NAHARSPING,Nahar Spinning Mills Limited,Textiles,Textiles - Hosiery/Knitwear
NATCOPHARM,Natco Pharma Limited,Pharmaceuticals,Pharmaceuticals
NATHBIOGEN,Nath Bio-Genes (India) Limited,Misc,Miscellaneous
NATIONALUM,National Aluminium Company Limited,Aluminium,Aluminium
NAUKRI,Info Edge (India) Limited,Misc,Services - Others
NAVINFLUOR,Navin Fluorine International Limited,Chemicals,Chemicals - Others
NAVKARCORP,Navkar Corporation Limited,Misc,Miscellaneous
NAVNETEDUL,Navneet Education Limited,Printing,Printing/Publishing/Stationery
NBCC,NBCC (India) Limited,Construction,Construction
NBVENTURES,Nava Bharat Ventures Limited,Diversified,Diversified
NCC,NCC Limited,Construction,Construction & Contracting - Civil
NCLIND,NCL Industries Limited,Cement,Cement - Mini
NDGL,Naga Dhunseri Group Limited,,
NDL,Nandan Denim Limited,Textiles,Products
NDTV,New Delhi Television Limited,Entertainment,Entertainment/Multi Media
NECCLTD,North Eastern Carrying Corporation Limited,Misc,Miscellaneous
NECLIFE,Nectar Lifesciences Limited,Pharmaceuticals,Pharmaceuticals
NELCAST,Nelcast Limited,Castings,Castings/Foundry
NELCO,NELCO Limited,Telecom,Telecommunications - Equipment
NESCO,Nesco Limited,Diversified,Diversified
NESTLEIND,Nestle India Limited,Food Processing,Food Processing - Dairy
NETWORK18,Network18 Media & Investments Limited,Finance,Finance - General
NEULANDLAB,Neuland Laboratories Limited,Pharmaceuticals,Pharmaceuticals
NFL,National Fertilizers Limited,Fertilisers,Fertilisers - Nitrogenous/Phosphate
NH,Narayana Hrudayalaya Ltd.,Medical,Hospitals & Medical Services
NHPC,NHPC Limited,Power,Power - Generation/Distribution
NIBL,NRB Industrial Bearings Limited,,
NIFTY,,Index,Index
NIFTYBEES,,ETF,Nifty
NIFTYINFRA,,Index,Index
NIFTYIT,,Index,Index
NIFTYMID50,,Index,Index
NIFTYPSE,,Index,Index
NIITLTD,NIIT Limited,Computers,Computers - Software - Training
NIITTECH,NIIT Technologies Limited,Computers,Computers - Software
NILAINFRA,Nila Infrastructures Limited,Construction,Construction
NILKAMAL,Nilkamal Limited,Plastics,Plastics - Others
NIPPOBATRY,Indo-National Limited,Dry Cells,Dry Cells
NITCO,Nitco Limited,Ceramics,Ceramics/Tiles/Sanitaryware
NITESHEST,,Construction,Construction
NITINFIRE,Nitin Fire Protection Industries Limited,Engineering,Engineering - General
NITINSPIN,Nitin Spinners Limited,Textiles,Textiles - Spinning - Cotton Blended
NKIND,NK Industries Limited,,
NLCINDIA,NLC India Limited,,
NMDC,NMDC Limited,Mining,Mining/Minerals
NOCIL,NOCIL Limited,Petrochem,Petrochem - Polymers
NOIDATOLL,Noida Toll Bridge Company Limited,Construction,Construction & Contracting - Civil
NRAIL,N R Agarwal Industries Limited,,
NRBBEARING,NRB Bearing Limited,Auto Ancl,Bearings
NSIL,Nalwa Sons Investments Limited,Finance,Finance - General
NTL,Neueon Towers Limited,,
NTPC,NTPC Limited,Power,Power - Generation/Distribution
NUCLEUS,Nucleus Software Exports Limited,Computers,Computers - Software
NUTEK,,Telecom,Telecommunications - Equipment
OBEROIRLTY,Oberoi Realty Limited,Construction,Construction and Contracting - Real Estate
OCCL,Oriental Carbon & Chemicals Limited,Chemicals,Chemicals
OCL,,Cement,Cement - Major
OFSS,Oracle Financial Services Software Limited,Computers,Computers - Software
OIL,Oil India Limited,Oil Drilling,Oil Drilling And Exploration
OILCOUNTUB,Oil Country Tubular Limited,Steel,Steel - Tubes/Pipes
OMAXAUTO,Omax Autos Limited,Auto Ancl,Auto Ancl - Others
OMAXE,Omaxe Limited,Construction,Construction and Contracting - Real Estate
OMKARCHEM,Omkar Speciality Chemicals Limited,Chemicals,Chemicals
OMMETALS,OM Metals Infraprojects Limited,,
ONGC,Oil & Natural Gas Corporation Limited,Oil Drilling,Oil Drilling And Exploration
ONMOBILE,OnMobile Global Limited,Telecom,Telecommunications - Service
OPTOCIRCUI,Opto Circuits (India) Limited,Medical,Medical Accessories
ORBTEXP,Orbit Exports Limited,,
ORCHIDPHAR,,,
ORICONENT,Oricon Enterprises Limited,,
ORIENTABRA,Orient Abrasives Limited,Grinding Wheels,Abrasives/Grinding Wheels
ORIENTBANK,,Banks - PSU,Finance - Banks - Public Sector
ORIENTBELL,Orient Bell Limited,,
ORIENTCEM,Orient Cement Limited,,
ORIENTHOT,Oriental Hotels Limited,Hotels,Hotels
ORIENTLTD,Orient Press Limited,,
ORIENTPPR,Orient Paper & Industries Limited,Diversified,Diversified
ORIENTREF,Orient Refractories Limited,,
ORISSAMINE,The Orissa Minerals Development Company Limited,Mining,Mining/Minerals
ORTEL,Ortel Communications Limited,,
PAGEIND,Page Industries Limited,Textiles,Textiles - Readymade Apparels
PANACEABIO,Panacea Biotec Limited,Pharmaceuticals,Pharmaceuticals
PANAMAPET,Panama Petrochem Limited,,
PANORAMUNI,,Computers,Computers - Software
PAPERPROD,Huhtamaki PPL Limited,Packaging,
PARABDRUGS,Parabolic Drugs Limited,Pharmaceuticals,Pharmaceuticals
PARAGMILK,Parag Milk Foods Limited,,
PARRYSUGAR,,Diversified,Diversified
PARSVNATH,Parsvnath Developers Limited,Construction,Construction and Contracting - Real Estate
PATELENG,Patel Engineering Limited,Construction,Construction & Contracting - Civil
PATINTLOG,Patel Integrated Logistics Limited,Transport,Transport - Road
PATSPINLTD,Patspin India Limited,Textiles,Textiles - Spinning - Cotton Blended
PBAINFRA,,Infrastructure,Infrastructure - General
PCJEWELLER,PC Jeweller Limited,,
PDMJEPAPER,Pudumjee Paper Products Limited,,
PDPL,,Pharmaceuticals,Pharmaceuticals
PDSMFL,PDS Multinational Fashions Limited,,
PDUMJEIND,,Paper,Paper & Paper Boards
PDUMJEPULP,,Paper,Paper & Paper Boards
PEL,Piramal Enterprises Limited,,
PENIND,Pennar Industries Limited,Steel,Steel - CR/HR Strips
PENINLAND,Peninsula Land Limited,Construction,Construction & Contracting - Housing
PENPEBS,,,
PERSISTENT,Persistent Systems Limited,Computers,Computers - Software
PETRONET,Petronet LNG Limited,Petrochem,Petrochem - Others
PFC,Power Finance Corporation Limited,Finance,Finance - Term Lending Institutions
PFIZER,Pfizer Limited,Pharmaceuticals,Pharmaceuticals
PFOCUS,Prime Focus Limited,Entertainment,Entertainment/Multi Media
PFS,PTC India Financial Services Limited,,
PGEL,PG Electroplast Limited,,
PGHH,Procter & Gamble Hygiene and Health Care Limited,FMCG,Personal Care
PGIL,Pearl Global Industries Limited,,
PHILIPCARB,Phillips Carbon Black Limited,Misc,Carbon Black
PHOENIXLL,,,
PHOENIXLTD,The Phoenix Mills Limited,Construction,Construction and Contracting - Real Estate
PIDILITIND,Pidilite Industries Limited,Chemicals,Chemicals - Speciality - Others
PIIND,PI Industries Limited,,
PINCON,,,
PIONDIST,Pioneer Distilleries Limited,Beverages,Beverages - Alcoholic - Distilleries
PIONEEREMB,Pioneer Embroideries Limited,Textiles,Textiles - Hosiery/Knitwear
PITTILAM,,Engineering,Engineering - General
PKTEA,The Peria Karamalai Tea & Produce Company Limited,,
PLASTIBLEN,Plastiblends India Limited,Plastics,Plastics - Others
PNB,Punjab National Bank,Banks - PSU,Finance - Banks - Public Sector
PNBGILTS,PNB Gilts Limited,Finance,Finance - Investments
PNBHOUSING,PNB Housing Finance Limited,,
PNCINFRA,PNC Infratech Limited,,
POCHIRAJU,,,
PODDARHOUS,Poddar Housing and Development Limited,,
PODDARMENT,Poddar Pigments Limited,,
POKARNA,Pokarna Limited,,
POLARIS,,Computers,Computers - Software
POLYMED,Poly Medicure Limited,,
POLYPLEX,Polyplex Corporation Limited,Packaging,
PONNIERODE,Ponni Sugars (Erode) Limited,Sugar,Sugar - Others
POWERGRID,Power Grid Corporation of India Limited,Power,Power - Transmission/Equipment
POWERMECH,Power Mech Projects Limited,,
PPAP,PPAP Automotive Limited,Plastics,Plastics - Others
PRABHAT,Prabhat Dairy Limited,,
PRAENG,Prajay Engineers Syndicate Limited,Construction,Construction & Contracting - Housing
PRAJIND,Praj Industries Limited,Engineering,Engineering - Heavy
PRAKASH,Prakash Industries Limited,Diversified,Diversified
PRAKASHCON,,,
PRAKASHSTL,Prakash Steelage Limited,,
PRATIBHA,,Infrastructure,Infrastructure - General
PRECAM,Precision Camshafts Limited,,
PRECWIRE,Precision Wires India Limited,Metals,Metals - Non Ferrous - Copper/Copper Alloys - Prod
PREMEXPLN,Premier Explosives Limited,,
PREMIER,Premier Limited,Engineering,Engineering - General
PREMIERPOL,Premier Polyfilm Limited,,
PRESSMN,Pressman Advertising Limited,,
PRESTIGE,Prestige Estates Projects Limited,,
PRICOLLTD,Pricol Limited,,
PRIMESECU,Prime Securities Limited,Finance,Finance - Investments
PRISMCEM,,Cement,Cement - Major
PROVOGE,,,
PROZONINTU,Prozone Intu Properties Limited,,
PSB,Punjab & Sind Bank,Banks - PSU,Finance - Banks - Public Sector
PSL,PSL Limited,Steel,Steel - Tubes/Pipes
PSUBNKBEES,,ETF,CNX PSU Bank Index
PTC,PTC India Limited,Power,Power - Generation/Distribution
PTL,PTL Enterprises Limited,Auto Ancl,Tyres & Tubes
PUNJABCHEM,Punjab Chemicals & Crop Protection Limited,Chemicals,Chemicals - Organic - Others
PUNJLLOYD,Punj Lloyd Limited,Construction,Construction & Contracting - Civil
PURVA,Puravankara Limited,Construction,Construction and Contracting - Real Estate
PVR,PVR Limited,Entertainment,Entertainment/Multi Media
QGOLDHALF,,ETF,Gold
QNIFTY,,ETF,Nifty
QUESS,Quess Corp Limited,,
QUICKHEAL,Quick Heal Technologies Limited,,
RADICO,Radico Khaitan Limited,Finance,Finance - Investments
RADIOCITY,Music Broadcast Limited,,
RAIN,Rain Industries Limited,,
RAINBOWPAP,,Paper,Paper & Paper Boards
RAIREKMOH,,,
RAJESHEXPO,Rajesh Exports Limited,Jewellery,Diamond Cutting/Precious Metals/Jewellery
RAJSREESUG,Rajshree Sugars & Chemicals Limited,Sugar,Sugar - Integrated
RAJTV,Raj Television Network Limited,Entertainment,Entertainment/Multi Media
RAJVIR,,,
RALLIS,Rallis India Limited,Agro,Pesticides/Agro Chemicals
RAMANEWS,Shree Rama Newsprint Limited,Paper,Paper - News Print
RAMASTEEL,Rama Steel Tubes Limited,,
RAMCOCEM,The Ramco Cements Limited,,
RAMCOIND,Ramco Industries Limited,Cement,Cement - Products/Building Materials
RAMCOSYS,Ramco Systems Limited,Computers,Computers - Software
RAMKY,Ramky Infrastructure Limited,Construction,Construction & Contracting - Civil
RANASUG,Rana Sugars Limited,Sugar,Sugar - Others
RANEENGINE,Rane Engine Valve Limited,Auto Ancl,Auto Ancl - Engine Parts
RANEHOLDIN,Rane Holdings Limited,Finance,Finance - Investments
RATNAMANI,Ratnamani Metals & Tubes Limited,Steel,Steel - Tubes/Pipes
RAYMOND,Raymond Limited,Textiles,Textiles - Woollen/Worsted
RBL,Rane Brake Lining Limited,Auto Ancl,Auto Ancl - Susp. & Braking - Others
RBLBANK,RBL Bank Limited,,
RCF,Rashtriya Chemicals and Fertilizers Limited,Fertilisers,Fertilisers - Nitrogenous/Phosphate
RCOM,Reliance Communications Limited,Telecom,Telecommunications - Service
RDEL,,,
RECLTD,REC Limited,Finance,Finance - Term Lending Institutions
REDINGTON,Redington (India) Limited,,
REFEX,Refex Industries Limited,,
REIAGROLTD,,Food Processing,Food Processing - Miscellaneous
RELAXO,Relaxo Footwears Limited,,
RELCAPITAL,Reliance Capital Limited,Finance,Finance - Investments
RELIANCE,Reliance Industries Limited,Diversified,Diversified
RELIGARE,Religare Enterprises Limited,,
RELINFRA,Reliance Infrastructure Limited,Power,Power - Generation/Distribution
REMSONSIND,Remsons Industries Limited,Auto Ancl,Auto Ancl - Susp. & Braking - Springs
RENUKA,Shree Renuka Sugars Limited,Sugar,Sugar - Others
REPCOHOME,Repco Home Finance Limited,,
REPRO,Repro India Limited,Printing,Printing/Publishing/Stationery
RESPONIND,Responsive Industries Limited,Plastics,Plastics - Flooring
REVATHI,Revathi Equipment Limited,Compressors,Compressors
RICOAUTO,Rico Auto Industries Limited,Auto Ancl,Auto Ancl - Dr. Trans & Steer - Others
RIIL,Reliance Industrial Infrastructure Limited,Computers,Project Consultancy/Turnkey
RJL,,Jewellery,Diamond Cutting/Precious Metals/Jewellery
RKDL,Ravi Kumar Distilleries Limited,,
RKFORGE,Ramkrishna Forgings Limited,,
RML,Rane (Madras) Limited,,
ROHITFERRO,Rohit Ferro-Tech Limited,Misc,Ferro Alloys
ROHLTD,Royal Orchid Hotels Limited,Hotels,Hotels
ROLLT,Rollatainers Limited,,
ROLTA,Rolta India Limited,Computers,Computers - Software
ROSSELLIND,Rossell India Limited,,
RPGLIFE,RPG Life Sciences Limited,,
RPOWER,Reliance Power Limited,Power,Power - Generation/Distribution
RPPINFRA,R.P.P. Infra Projects Limited,Construction,Construction & Contracting - Civil
RSSOFTWARE,R. S. Software (India) Limited,Computers,Computers - Software
RSWM,RSWM Limited,Textiles,Textiles - Spinning - Synthetic Blended
RSYSTEMS,R Systems International Limited,Computers,Computers - Software
RTNINFRA,RattanIndia Infrastructure Limited,,
RTNPOWER,RattanIndia Power Limited,,
RUBYMILLS,The Ruby Mills Limited,Textiles,Textiles - Composite Mills
RUCHIRA,Ruchira Papers Limited,Paper,Paper - Kraft
RUCHISOYA,,Edible Oils,Edible Oils & Solvent Extraction
RUPA,Rupa & Company Limited,,
RUSHIL,Rushil Decor Limited,,
SABEVENTS,Sab Events & Governance Now Media Limited,,
SABTN,Sri Adhikari Brothers Television Network Limited,Entertainment,Entertainment/Multi Media
SADBHAV,Sadbhav Engineering Limited,Construction,Construction & Contracting - Civil
SADBHIN,Sadbhav Infrastructure Project Limited,,
SAGCEM,Sagar Cements Limited,Cement,Cement - Mini
SAIL,Steel Authority of India Limited,Steel,Steel
SAKHTISUG,Sakthi Sugars Limited,Sugar,Sugar - Integrated
SAKSOFT,Saksoft Limited,Computers,Computers - Software
SAKUMA,Sakuma Exports Limited,Trading,Trading
SALORAINTL,,Consumer Goods,Consumer Goods - Electronic
SALZERELEC,Salzer Electronics Limited,,
SANDESH,The Sandesh Limited,Printing,Printing/Publishing/Stationery
SANGAMIND,Sangam (India) Limited,Textiles,Textiles - Spinning - Synthetic Blended
SANGHIIND,Sanghi Industries Limited,Cement,Cement - Products/Building Materials
SANGHVIFOR,Sanghvi Forging and Engineering Limited,,
SANGHVIMOV,Sanghvi Movers Limited,Engineering,Engineering - Heavy
SANOFI,Sanofi India Limited,,
SANWARIA,Sanwaria Consumer Limited,Edible Oils,Edible Oils & Solvent Extraction
SARDAEN,Sarda Energy & Minerals Limited,Steel,Steel - Sponge Iron
SAREGAMA,Saregama India Limited,Entertainment,Entertainment/Multi Media
SARLAPOLY,Sarla Performance Fibers Limited,Textiles,Textiles - Processing/Texturising
SASKEN,Sasken Technologies Limited,Computers,Computers - Software
SATHAISPAT,Sathavahana Ispat Limited,Steel,Steel - Pig Iron
SATIN,Satin Creditcare Network Limited,,
SBIN,State Bank of India,Banks - PSU,Finance - Banks - Public Sector
SCHAND,S Chand And Company Limited,,
SCHNEIDER,Schneider Electric Infrastructure Limited,,
SCI,Shipping Corporation Of India Limited,Shipping,Shipping
SDBL,Som Distilleries & Breweries Limited,,
SEAMECLTD,Seamec Limited,Shipping,Shipping
SEINV,,,
SELAN,Selan Exploration Technology Limited,Oil Drilling,Oil Drilling And Exploration
SELMCL,SEL Manufacturing Company Limited,Textiles,Textiles - General
SEPOWER,S.E. Power Limited,,
SEQUENT,Sequent Scientific Limited,,
SERVALL,,,
SESHAPAPER,Seshasayee Paper and Boards Limited,Paper,Paper & Paper Boards
SETCO,Setco Automotive Limited,,
SFL,Sheela Foam Limited,,
SGL,STL Global Limited,Textiles,Textiles - General
SHAKTIPUMP,Shakti Pumps (India) Limited,,
SHALPAINTS,Shalimar Paints Limited,Paints,Paints/Varnishes
SHANKARA,Shankara Building Products Limited,,
SHANTIGEAR,Shanthi Gears Limited,Engineering,Engineering - General
SHARDACROP,Sharda Cropchem Limited,,
SHARDAMOTR,Sharda Motor Industries Limited,,
SHARIABEES,,ETF,Shariah Index
SHARONBIO,,,
SHEMAROO,Shemaroo Entertainment Limited,,
SHILPAMED,Shilpa Medicare Limited,Pharmaceuticals,Pharmaceuticals
SHILPI,,,
SHIRPUR-G,Shirpur Gold Refinery Limited,,
SHIVAMAUTO,Shivam Autotech Limited,Auto Ancl,Auto Ancl - Others
SHIVTEX,,Textiles,Textiles - Spinning - Cotton Blended
SHK,S H Kelkar and Company Limited,,
SHOPERSTOP,Shoppers Stop Limited,Retail,Retail - Departmental Stores
SHREECEM,SHREE CEMENT LIMITED,Cement,Cement - Major
SHREEPUSHK,Shree Pushkar Chemicals & Fertilisers Limited,,
SHREERAMA,Shree Rama Multi-Tech Limited,Packaging,Packaging - Others
SHREYANIND,Shreyans Industries Limited,Paper,Paper & Paper Boards
SHREYAS,Shreyas Shipping & Logistics Limited,Shipping,Shipping
SHRIRAMCIT,Shriram City Union Finance Limited,,
SHRIRAMEPC,Shriram EPC Limited,Computers,Project Consultancy/Turnkey
SHYAMCENT,Shyam Century Ferrous Limited,,
SHYAMTEL,Shyam Telecom Limited,Telecom,Telecommunications - Equipment
SICAGEN,Sicagen India Limited,Trading,Trading
SICAL,Sical Logistics Limited,Trading,Trading
SIEMENS,Siemens Limited,Misc,Instrumentation & Process Control
SIGNET,,,
SILINV,SIL Investments Limited,Finance,Finance - Investments
SIMBHALS,Simbhaoli Sugars Limited,,
SIMPLEXINF,Simplex Infrastructures Limited,Construction,Construction & Contracting - Civil
SINTEX,Sintex Industries Limited,Diversified,Diversified
SITASHREE,,Food Processing,Food Processing - Miscellaneous
SITINET,Siti Networks Limited,,
SIYSIL,Siyaram Silk Mills Limited,Textiles,Textiles - Weaving
SJVN,SJVN Limited,Power,Power - Generation/Distribution
SKFINDIA,SKF India Limited,Auto Ancl,Bearings
SKIL,SKIL Infrastructure Limited,,
SKIPPER,Skipper Limited,,
SMARTLINK,Smartlink Holdings Limited,,
SMLISUZU,SML Isuzu Limited,Auto,Auto - LCVs/HCVs
SMPL,Splendid Metal Products Limited,,
SMSPHARMA,SMS Pharmaceuticals Limited,Pharmaceuticals,Pharmaceuticals
SNOWMAN,Snowman Logistics Limited,,
SOBHA,Sobha Limited,Construction,Construction and Contracting - Real Estate
SOLARINDS,Solar Industries India Limited,Misc,Industrial Explosives
SOMANYCERA,Somany Ceramics Limited,Ceramics,Ceramics/Tiles/Sanitaryware
SOMICONVEY,Somi Conveyor Beltings Limited,,
SONASTEER,,Auto Ancl,Auto Ancl - Gears & Drive
SONATSOFTW,Sonata Software Limited,Computers,Computers - Software
SORILHOLD,,,
SORILINFRA,SORIL Infra Resources Limited,,
SOTL,Savita Oil Technologies Limited,Petrochem,Petrochem - Others
SOUTHBANK,The South Indian Bank Limited,Banks - Private,Finance - Banks - Private Sector
SPAL,S. P. Apparels Limited,,
SPARC,Sun Pharma Advanced Research Company Limited,Misc,Miscellaneous
SPCENET,Spacenet Enterprises India Limited,,
SPENTEX,Spentex Industries Limited,Textiles,Textiles - Spinning - Cotton Blended
SPHEREGSL,,,
SPIC,Southern Petrochemicals Industries Corporation  Limited,Fertilisers,Fertilisers - Nitrogenous/Phosphate
SPICEMOBI,,,
SPLIL,SPL Industries Limited,Textiles,Textiles - Readymade Apparels
SPYL,Shekhawati Poly-Yarn Limited,,
SQSBFSI,,,
SREEL,Sreeleathers Limited,,
SREINFRA,SREI Infrastructure Finance Limited,Finance,Finance - Leasing & Diversified
SRF,SRF Limited,Textiles,Textiles - Manmade Fibre - Nylon
SRHHYPOLTD,Sree Rayalaseema Hi-Strength Hypo Limited,Petrochem,Petrochem - Others
SRIPIPES,Srikalahasthi Pipes Limited,,
SRSLTD,,,
SRTRANSFIN,Shriram Transport Finance Company Limited,Finance,Finance - Leasing & Hire Purchase
SSWL,Steel Strips Wheels Limited,Auto Ancl,Auto Ancl - Dr. Trans & Steer - Wheels
STAMPEDE,Stampede Capital Limited,,
STAR,Strides Pharma Science Limited,Pharmaceuticals,Pharmaceuticals
STARPAPER,Star Paper Mills Limited,Paper,Paper & Paper Boards
STCINDIA,The State Trading Corporation of India Limited,Trading,Trading
STEL,Stel Holdings Limited,Finance,Finance - Investments
STERLINBIO,,Pharmaceuticals,Pharmaceuticals
STERTOOLS,Sterling Tools Limited,Misc,Fasteners
STINDIA,STI India Limited,Textiles,Textiles - Spinning - Cotton Blended
STRTECH,Sterlite Technologies Limited,Cables,Cables - Telephone
SUBEX,Subex Limited,Computers,Computers - Software
SUBROS,Subros Limited,Auto Ancl,Auto Ancl - Equipment Others
SUDARSCHEM,Sudarshan Chemical Industries Limited,Dyes,Dyes & Pigments
SUJANAUNI,Sujana Universal Industries Limited,Appliances,Domestic Appliances - Others
SUMEETINDS,Sumeet Industries Limited,Textiles,Textiles - Manmade Fibre - PPFY
SUMMITSEC,Summit Securities Limited,Finance,Finance - General
SUNCLAYLTD,Sundaram Clayton Limited,,
SUNDARAM,Sundaram Multi Pap Limited,,
SUNDARMFIN,Sundaram Finance Limited,Finance,Finance - Leasing & Hire Purchase
SUNDRMBRAK,Sundaram Brake Linings Limited,,
SUNDRMFAST,Sundram Fasteners Limited,Auto Ancl,Auto Ancl - Engine Parts
SUNFLAG,Sunflag Iron And Steel Company Limited,Steel,Steel - Rolling
SUNILHITEC,,Power,Power - Transmission/Equipment
SUNPHARMA,Sun Pharmaceutical Industries Limited,Pharmaceuticals,Pharmaceuticals
SUNTECK,Sunteck Realty Limited,Construction,Construction and Contracting - Real Estate
SUNTV,Sun TV Network Limited,Entertainment,Entertainment/Multi Media
SUPERHOUSE,Superhouse Limited,,
SUPERSPIN,Super Spinning Mills Limited,Textiles,Textiles - Spinning - Cotton Blended
SUPPETRO,Supreme Petrochem Limited,Petrochem,Petrochem - Polymers
SUPRAJIT,Suprajit Engineering Limited,Auto Ancl,Auto Ancl - Equipment Others
SUPREMEIND,Supreme Industries Limited,Plastics,Plastics - Others
SUPREMEINF,Supreme Infrastructure India Limited,Construction,Construction & Contracting - Civil
SUPREMETEX,,Textiles,Textiles - Spinning - Cotton Blended
SURANASOL,Surana Solar Limited,,
SURANAT&P,Surana Telecom and Power Limited,Cables,Cables - Telephone
SURYALAXMI,Suryalakshmi Cotton Mills Limited,Textiles,Textiles - Spinning - Cotton Blended
SURYAROSNI,Surya Roshni Limited,Steel,Steel - Tubes/Pipes
SUTLEJTEX,Sutlej Textiles and Industries Limited,Textiles,Textiles - General
SUVEN,Suven Life Sciences Limited,Pharmaceuticals,Pharmaceuticals
SUZLON,Suzlon Energy Limited,Engineering,Engineering - Heavy
SWANENERGY,Swan Energy Limited,,
SWARAJENG,Swaraj Engines Limited,Engines,Engines
SWELECTES,Swelect Energy Systems Limited,,
SYMPHONY,Symphony Limited,,
SYNCOM,Syncom Healthcare Limited,Pharmaceuticals,Pharmaceuticals
SYNDIBANK,,Banks - PSU,Finance - Banks - Public Sector
SYNGENE,Syngene International Limited,,
TAINWALCHM,Tainwala Chemical and Plastic (I) Limited,Plastics,Plastics - Sheets/Films
TAJGVK,Taj GVK Hotels & Resorts Limited,Hotels,Hotels
TAKE,Take Solutions Limited,Computers,Computers - Software
TALBROAUTO,Talbros Automotive Components Limited,Auto Ancl,Auto Ancl - Engine Parts
TALWALKARS,Talwalkars Better Value Fitness Limited,Misc,Miscellaneous
TANLA,Tanla Solutions Limited,,
TARAJEWELS,,,
TASTYBITE,Tasty Bite Eatables Limited,,
TATACHEM,Tata Chemicals Limited,Chemicals,Chemicals - Inorganic - Caustic Soda/Soda Ash
TATACOFFEE,Tata Coffee Limited,Tea-Coffee,Plantations - Tea & Coffee
TATACOMM,Tata Communications Limited,Telecom,Telecommunications - Service
TATAELXSI,Tata Elxsi Limited,Computers,Computers - Software
TATAGLOBAL,,Tea-Coffee,Plantations - Tea & Coffee
TATAINVEST,Tata Investment Corporation Limited,Finance,Finance - Investments
TATAMETALI,Tata Metaliks Limited,Steel,Steel - Pig Iron
TATAMOTORS,Tata Motors Limited,Auto,Auto - LCVs/HCVs
TATAMTRDVR,Tata Motors Limited,Auto,Auto - LCVs/HCVs
TATAPOWER,Tata Power Company Limited,Power,Power - Generation/Distribution
TATASPONGE,,Steel,Steel - Sponge Iron
TATASTEEL,Tata Steel Limited,Steel,Steel
TBZ,Tribhovandas Bhimji Zaveri Limited,,
TCI,Transport Corporation of India Limited,Transport,Transport - Road
TCIDEVELOP,TCI Developers Limited,,
TCIEXP,TCI Express Limited,,
TCIFINANCE,TCI Finance Limited,Finance,Finance - Investments
TCS,Tata Consultancy Services Limited,Computers,Computers - Software
TDPOWERSYS,TD Power Systems Limited,,
TEAMLEASE,Teamlease Services Limited,,
TECHM,Tech Mahindra Limited,Computers,Computers - Software
TECHNO,,Electric,Electric Equipment - Switchgear/Circuit Breaker
TECHNOFAB,Technofab Engineering Limited,Computers,Project Consultancy/Turnkey
TERASOFT,Tera Software Limited,,
TEXINFRA,Texmaco Infrastructure & Holdings Limited,,
TEXRAIL,Texmaco Rail & Engineering Limited,,
TFCILTD,Tourism Finance Corporation of India Limited,Finance,Finance - Term Lending Institutions
TGBHOTELS,TGB Banquets And Hotels Limited,,
THANGAMAYL,Thangamayil Jewellery Limited,Jewellery,Diamond Cutting/Precious Metals/Jewellery
THEMISMED,Themis Medicare Limited,Pharmaceuticals,Pharmaceuticals
THERMAX,Thermax Limited,Misc,Pollution Control Equipment
THIRUSUGAR,Thiru Arooran Sugars Limited,Sugar,Sugar - Integrated
THOMASCOOK,Thomas Cook  (India)  Limited,Travel,Travel Agen. / Tourism Deve. / Amusement Park
THYROCARE,Thyrocare Technologies Limited,,
TI,Tilaknagar Industries Limited,Beverages,Beverages - Alcoholic - Distilleries
TIDEWATER,Tide Water Oil Company (India) Limited,Auto Ancl,Lubricants
TIIL,Technocraft Industries (India) Limited,Diversified,Diversified
TIL,TIL Limited,Engineering,Engineering - Heavy
TIMETECHNO,Time Technoplast Limited,Packaging,
TIMKEN,Timken India Limited,Auto Ancl,Bearings
TINPLATE,The Tinplate Company of India Limited,Metals,Metals - Non Ferrous - Others
TIPSINDLTD,TIPS Industries Limited,Entertainment,Entertainment/Multi Media
TIRUMALCHM,Thirumalai Chemicals Limited,Chemicals,Chemicals - Organic - Maleic Anhydride
TITAN,Titan Company Limited,Misc,Watches
TMRVL,The Mandhana Retail Ventures Limited,,
TNPETRO,Tamilnadu PetroProducts Limited,Consumer Goods,Detergents
TNPL,Tamil Nadu Newsprint & Papers Limited,Paper,Paper - News Print
TOKYOPLAST,Tokyo Plast International Limited,Appliances,Domestic Appliances - Thermoware
TORNTPHARM,Torrent Pharmaceuticals Limited,Pharmaceuticals,Pharmaceuticals
TORNTPOWER,Torrent Power Limited,Power,Power - Generation/Distribution
TPLPLASTEH,TPL Plastech Limited,,
TREEHOUSE,Tree House Education & Accessories Limited,,
TRENT,Trent Limited,Retail,Retail - Readymade Apparel
TRF,TRF Limited,Engineering,Engineering - Heavy
TRIDENT,Trident Limited,Textiles,Textiles - Spinning - Cotton Blended
TRIGYN,Trigyn Technologies Limited,Computers,Computers - Software
TRIL,Transformers And Rectifiers (India) Limited,,
TRITURBINE,Triveni Turbine Limited,,
TRIVENI,Triveni Engineering & Industries Limited,Sugar,Sugar - Integrated
TTKHLTCARE,TTK Healthcare Limited,,
TTKPRESTIG,TTK Prestige Limited,Appliances,Domestic Appliances - Cookers
TTL,T T Limited,Textiles,Textiles - Hosiery/Knitwear
TTML,Tata Teleservices (Maharashtra) Limited,Telecom,Telecommunications - Service
TUBEINVEST,,Cycles,Cycles & Accessories
TULSI,,Petrochem,Petrochem - Polymers
TV18BRDCST,TV18 Broadcast Limited,Entertainment,Entertainment/Multi Media
TVSELECT,TVS Electronics Limited,Computers,Computers - Accessories/Peripherals
TVSMOTOR,TVS Motor Company Limited,Auto,Auto - 2 & 3 Wheelers
TVSSRICHAK,TVS Srichakra Limited,Auto Ancl,Tyres & Tubes
TVTODAY,TV Today Network Limited,Entertainment,Entertainment/Multi Media
TVVISION,TV Vision Limited,,
TWL,Titagarh Wagons Limited,Engineering,Engineering - Heavy
UBL,United Breweries Limited,,
UCALFUEL,Ucal Fuel Systems Limited,Auto Ancl,Auto Ancl - Engine Parts
UCOBANK,UCO Bank,Banks - PSU,Finance - Banks - Public Sector
UFLEX,UFLEX Limited,Packaging,
UFO,UFO Moviez India Limited,,
UGARSUGAR,The Ugar Sugar Works Limited,Sugar,Sugar - Integrated
UJAAS,Ujaas Energy Limited,,
UJJIVAN,Ujjivan Financial Services Limited,,
ULTRACEMCO,UltraTech Cement Limited,Cement,Cement - Major
UMANGDAIRY,Umang Dairies Limited,,
UNICHEMLAB,Unichem Laboratories Limited,Pharmaceuticals,Pharmaceuticals
UNIENTER,Uniphos Enterprises Limited,Trading,Trading
UNIONBANK,Union Bank of India,Banks - PSU,Finance - Banks - Public Sector
UNITECH,Unitech Limited,Construction,Construction & Contracting - Civil
UNITEDBNK,,Banks - PSU,Finance - Banks - Public Sector
UNITEDTEA,The United Nilgiri Tea Estates Company Limited,,
UNITY,Unity Infraprojects Limited,Infrastructure,Infrastructure - General
UNIVCABLES,Universal Cables Limited,Cables,Cables - Power/Others
UPL,UPL Limited,,
USHAMART,Usha Martin Limited,Steel,Steel - Alloys/Special
USHERAGRO,,Food Processing,Food Processing - Miscellaneous
UTTAMSTL,Uttam Galva Steels Limited,Steel,Steel - GP/GC Sheets
UTTAMSUGAR,Uttam Sugar Mills Limited,Sugar,Sugar - Others
V2RETAIL,V2 Retail Limited,,
VADILALIND,Vadilal Industries Limited,,
VAKRANGEE,Vakrangee Limited,,
VALUEIND,,Consumer Goods,Consumer Goods - White - Washing Mach./Refrig./Oth
VARDHACRLC,Vardhman Acrylics Limited,Textiles,Textiles - Manmade Fibre - Acrylic Fibre
VARDMNPOLY,Vardhman Polytex Limited,Textiles,Textiles - Spinning - Cotton Blended
VASCONEQ,Vascon Engineers Limited,Construction,Construction and Contracting - Real Estate
VASWANI,Vaswani Industries Limited,,
VBL,Varun Beverages Limited,,
VEDL,Vedanta Limited,Metals,Metals - Non Ferrous - Others
VENKEYS,Venky's (India) Limited,Misc,Livestock - Hatcheries/Poultry
VENUSREM,Venus Remedies Limited,Pharmaceuticals,Pharmaceuticals
VESUVIUS,Vesuvius India Limited,Misc,Refractories
VETO,Veto Switchgears And Cables Limited,,
VGUARD,V-Guard Industries Limited,,
VHL,Vardhman Holdings Limited,Finance,Finance - Investments
VICEROY,Viceroy Hotels Limited,Hotels,Hotels
VIDEOIND,Videocon Industries Limited,Consumer Goods,Consumer Goods - Electronic
VIDHIING,Vidhi Specialty Food Ingredients Limited,,
VIJAYABANK,,Banks - PSU,Finance - Banks - Public Sector
VIJSHAN,,Construction,Construction & Contracting - Housing
VIKASECO,Vikas EcoTech Limited,,
VIMTALABS,Vimta Labs Limited,Misc,Miscellaneous
VINATIORGA,Vinati Organics Limited,Chemicals,Chemicals - Organic - Benzene Based
VINDHYATEL,Vindhya Telelinks Limited,Cables,Cables - Telephone
VINYLINDIA,Vinyl Chemicals (India) Limited,Chemicals,Chemicals - Organic - Others
VIPCLOTHNG,VIP Clothing Limited,,
VIPIND,VIP Industries Limited,Plastics,Plastics - Moulded Luggage
VIPULLTD,Vipul Limited,,
VISAKAIND,Visaka Industries Limited,Cement,Cement - Products/Building Materials
VISASTEEL,Visa Steel Limited,Steel,Steel
VISHNU,Vishnu Chemicals Limited,,
VIVIDHA,Visagar Polytex Limited,,
VIVIMEDLAB,Vivimed Labs Limited,,
VLSFINANCE,VLS Finance Limited,Finance,Finance - Leasing & Hire Purchase
VMART,V-Mart Retail Limited,,
VOLTAMP,Voltamp Transformers Limited,Power,Power - Transmission/Equipment
VOLTAS,Voltas Limited,Diversified,Diversified
VRLLOG,VRL Logistics Limited,,
VSSL,Vardhman Special Steels Limited,,
VSTIND,VST Industries Limited,Cigarettes,Cigarettes
VSTTILLERS,V.S.T Tillers Tractors Limited,,
VTL,Vardhman Textiles Limited,Textiles,Textiles - Spinning - Cotton Blended
WABAG,VA Tech Wabag Limited,Engineering,Engineering - General
WABCOINDIA,WABCO India Limited,,
WALCHANNAG,Walchandnagar Industries Limited,Engineering,Engineering - Heavy
WEIZFOREX,,,
WEIZMANIND,Weizmann Limited,Textiles,Textiles - Processing/Texturising
WELCORP,Welspun Corp Limited,Steel,Steel - Tubes/Pipes
WELENT,Welspun Enterprises Limited,,
WELINV,Welspun Investments and Commercials Limited,,
WELSPUNIND,Welspun India Limited,Textiles,Textiles - Terry Towels
WENDT,Wendt (India) Limited,Grinding Wheels,Abrasives/Grinding Wheels
WHEELS,Wheels India Limited,,
WHIRLPOOL,Whirlpool of India Limited,Consumer Goods,Consumer Goods - White - Washing Mach./Refrig./Oth
WINDMACHIN,Windsor Machines Limited,,
WINSOME,Winsome Yarns Limited,,
WIPRO,Wipro Limited,Computers,Computers - Software
WOCKPHARMA,Wockhardt Limited,Pharmaceuticals,Pharmaceuticals
WONDERLA,Wonderla Holidays Limited,,
WSI,W S Industries (I) Limited,Electric,Electric Equipment - General
WSTCSTPAPR,West Coast Paper Mills Limited,Paper,Paper & Paper Boards
XCHANGING,Xchanging Solutions Limited,,
XPROINDIA,Xpro India Limited,Packaging,
YESBANK,Yes Bank Limited,Banks - Private,Finance - Banks - Private Sector
ZANDUREALT,,Construction,Construction and Contracting - Real Estate
ZEEL,Zee Entertainment Enterprises Limited,Entertainment,Entertainment/Multi Media
ZEELEARN,Zee Learn Limited,,
ZEEMEDIA,Zee Media Corporation Limited,,
ZENSARTECH,Zensar Technologies Limited,,
ZENTEC,Zen Technologies Limited,,
ZICOM,Zicom Electronic Security Systems Limited,Electronics,Electronics - Others
ZODIACLOTH,Zodiac Clothing Company Limited,Textiles,Textiles - Readymade Apparels
ZODJRDMKJ,Zodiac JRD- MKJ Limited,Jewellery,Diamond Cutting/Precious Metals/Jewellery
ZUARI,Zuari Agro Chemicals Limited,,
ZUARIGLOB,Zuari Global Limited,,
ZYDUSWELL,Zydus Wellness Limited,Misc,Vanaspati
ZYLOG,,Computers,Computers - Software
